Day of the year,1993,1994,1995,1996,1997,1998,1999,2000,2001,2002,2003,2004,2005,2006,2007,2008,2009,2010,2011,2012,2013,2014,2015,2016,2017,2018,2019,2020,2021,2022,2023,P10,P90
2020-01-01,1.4,0.8,0.6,0,3.8,0,0,0,7.4,0,0,0,0.6,0,1,0,0,0,0.4,0,0,0,13.2,0,1.6,6.2,0.2,0,11,0,0,0,5.951748432
2020-01-02,2,33.4,0.6,0,3.8,0.8,0,1.6,9.6,0.2,0,0,0.8,13,1.8,0,0,0,0.4,0,0,8.8,13.2,0,1.6,6.2,0.2,8.4,44.4,0,0,0,13.16
2020-01-03,3,38.2,11.2,0,8.6,0.8,0,44.8,10.4,0.8,0,0,0.8,15.6,2.8,0,9,1.2,21.8,0,0,9,13.2,0,5.4,6.2,0.2,8.4,63.2,0,0,0,23.59202716
2020-01-04,4,38.2,13.6,16.2,9.4,0.8,0,70,10.4,32.6,0,0,2.4,16.4,2.8,0,12.6,1.6,22.2,0,0,9.2,14,1.4,18.8,6.2,0.2,8.8,65.6,0,0,0,32.17220856
2020-01-05,5,68,13.6,16.6,12,0.8,0,70,10.4,32.6,11.4,0,7.8,19.8,2.8,0,12.6,3,22.2,0,0,9.2,14,1.4,19.4,7,0.2,14.2,65.6,0,0,0,34.01835375
2020-01-06,19,68.6,13.6,16.6,12,0.8,15.8,70,10.4,34.4,22,0,9.2,22.6,2.8,0,12.6,3,23,0,0,9.2,14,1.4,19.4,9.8,5.6,14.2,77.6,0.4,2.8,0.04,36.59831307
2020-01-07,21.8,68.6,13.6,16.8,12.6,0.8,16.6,70,10.4,34.4,22,0.2,11.4,22.8,6,0.6,12.6,8.4,30.6,0,0,9.2,14,1.4,19.4,12.2,30.4,15.4,77.8,0.4,22.8,0.42,38.24027795
2020-01-08,21.8,77,25.4,18.8,12.6,0.8,16.6,77.4,10.4,34.4,22,0.2,29.4,22.8,6,0.8,15.2,18.4,35,0,0,29.6,14,1.6,19.4,12.2,30.4,16,84.2,0.4,22.8,0.44,42.31430018
2020-01-09,21.8,90.2,25.4,20.4,13.4,6.8,16.6,77.4,29.2,44,22,11.2,30.8,25.6,6,0.8,15.2,26.4,35,0,0,30.8,14,10,20.2,12.2,30.4,16.2,84.2,0.4,22.8,1.32,46.8710332
2020-01-10,22.2,112,25.4,24,13.4,10.2,18,77.4,44.4,46.4,22,11.4,32.6,25.6,6,0.8,31.2,31,35,0,0,30.8,14,10,20.4,12.2,30.8,16.2,84.2,8,22.8,6.2,51.25341975
2020-01-11,24.6,125,25.4,27.8,24.8,10.2,18,77.4,47.4,56.6,35.4,11.4,32.6,25.8,11.6,0.8,31.4,38.2,35.4,0,0,30.8,14,10.2,20.4,12.2,32.2,16.6,84.2,8,23,8.22,56.58256033
2020-01-12,24.8,125,25.4,27.8,61,10.4,18,77.4,47.4,64.6,39.2,11.4,32.6,36.2,12,0.8,31.4,40.8,35.4,11.2,0,30.8,14.2,10.2,20.6,12.2,32.2,16.6,84.2,8,25.2,10.22,63.88
2020-01-13,44.4,125,25.4,30.4,78,11,21.4,77.4,47.6,66.6,39.4,11.4,32.6,36.2,12,1.2,31.4,40.8,35.4,16.2,0,39.4,14.2,30.4,20.8,12.2,32.2,16.6,84.2,8,25.2,11.04,75.24
2020-01-14,45,125,25.4,35.2,78.4,11,22,77.4,48.2,67.4,40.2,11.4,32.6,41.4,14.4,1.2,31.4,50.8,35.4,26.6,0,40.2,14.2,30.4,21,12.2,50.6,16.6,84.2,8,25.2,11.04,75.4
2020-01-15,45.2,135.8,25.4,35.2,78.8,11,34.2,77.4,48.2,67.4,40.2,11.6,32.6,41.4,14.6,4.4,31.4,50.8,35.4,28.8,0,40.4,14.2,30.4,21.4,12.2,50.6,16.6,84.2,8,25.2,11.06,75.4
2020-01-16,45.8,142,25.4,35.2,78.8,13,34.2,77.4,52.4,67.4,40.2,11.6,32.6,44.6,14.6,4.4,31.8,50.8,35.4,29.2,0,45.2,14.8,36.8,21.4,12.2,50.6,16.6,84.2,8,25.2,11.66,75.41692342
2020-01-17,45.8,143,25.4,35.2,78.8,13.4,34.2,82.8,58,84.2,40.2,11.6,34.2,44.6,14.6,4.6,36.6,50.8,35.8,29.2,0,48.8,14.8,36.8,24,13.2,50.6,16.6,84.2,8,25.2,11.76,82
2020-01-18,45.8,144.4,25.4,41,80,13.4,34.2,83,58.8,102.4,40.2,11.6,52.6,48.8,14.6,5.4,41.8,50.8,35.8,29.2,0,52.2,16.6,36.8,38.8,14.6,50.8,16.6,100.6,8,27.2,11.78,82.4
2020-01-19,61.6,144.4,25.4,41,83.6,13.4,34.2,83.6,58.8,103.4,40.2,13,53.8,49.4,14.6,5.4,43.2,50.8,52,29.2,0,52.2,17.2,37.4,45.2,32.4,51.2,16.6,103.4,9.4,27.4,13.04,83.6
2020-01-20,61.6,144.4,25.4,41,84,13.4,34.2,83.6,59.2,105.8,40.8,14,54.2,50,14.6,5.4,43.2,50.8,54,29.2,0,52.4,33,44.4,50.6,32.4,52.4,16.6,106.6,20.8,27.6,14.06,83.92
2020-01-21,61.6,146.6,25.4,41,84,13.4,37.2,84.2,59.4,105.8,40.8,14.6,54.2,50,20.6,5.4,43.4,50.8,54,29.2,0,52.4,34.8,44.6,51.6,32.4,52.6,16.6,113,20.8,29,14.8,84.16
2020-01-22,71.2,147.2,25.4,41,84,13.4,37.2,84.8,60.4,105.8,41.4,14.6,54.2,55,23.8,8.4,43.8,51.8,54,32.8,0,52.4,34.8,44.6,62.6,40.4,52.6,16.6,116.8,20.8,29,14.8,84.64
2020-01-23,72.6,152,31.8,49.2,85.6,13.4,37.2,103.8,60.4,111.8,44.6,14.6,54.8,55.2,24,25.8,43.8,52,54,36.6,0,54.4,34.8,45,107.2,40.4,53.4,16.6,117.2,20.8,32.6,17.02,106.52
2020-01-24,72.8,171.6,31.8,51.6,85.6,13.4,37.2,126.6,62.4,112.6,46.6,15.6,59,55.2,24,25.8,43.8,52.2,54,36.6,2.6,54.8,34.8,46.2,107.2,40.4,67.8,16.6,117.2,20.8,32.6,17.02,111.52
2020-01-25,72.8,172,33.4,51.6,87.4,13.4,37.2,135.8,62.4,112.6,58.4,15.6,59,55.2,24,25.8,43.8,52.4,54,36.6,2.6,54.8,34.8,48.4,108.6,40.4,67.8,16.6,117.2,20.8,32.6,17.02,111.8
2020-01-26,76.6,180.4,33.6,51.6,87.6,13.4,37.4,136.2,67.6,112.6,60.4,15.6,59,55.2,30.6,25.8,43.8,52.4,54,36.6,2.6,54.8,34.8,51.8,108.6,40.8,68,16.6,117.2,20.8,32.6,17.02,111.8
2020-01-27,80.6,180.4,33.6,51.6,87.6,13.4,38.4,136.2,70,112.6,63.4,15.6,59,55.2,30.8,25.8,44,52.4,62,63.4,2.6,56.2,34.8,62,115.6,40.8,71,16.6,117.2,22,32.6,17.14,115
2020-01-28,80.6,180.4,33.6,51.6,87.6,13.6,38.6,136.2,72,112.6,64,15.6,59,55.2,30.8,25.8,44.4,52.4,62,64,2.6,56.2,34.8,65.2,122.4,40.8,81,16.6,117.2,22,33,17.14,116.28
2020-01-29,80.6,180.4,33.6,51.6,87.6,19.8,38.6,136.2,72,112.6,65.2,15.6,59,55.2,32.4,26.2,45,52.4,69,64,2.6,56.2,34.8,65.8,122.6,40.8,81,18.4,119.6,22,33,20.02,118.2
2020-01-30,91.6,180.4,33.6,51.6,87.6,19.8,38.6,142.2,72,112.6,65.2,24.2,59,55.2,38,26.2,47.8,52.4,69.2,64,2.6,56.8,34.8,65.8,122.6,40.8,81,26.8,119.8,22.8,33,24.4,118.36
2020-01-31,96.4,180.4,33.6,54.2,87.6,19.8,41.6,187.2,73.4,112.6,65.2,34.2,59.4,55.2,38,26.2,47.8,52.8,80.6,64,2.6,56.8,34.8,65.8,122.6,40.8,81,28.8,119.8,23.2,33,26.46,118.36
2020-02-01,101.8,181,33.6,54.2,87.6,19.8,44.8,187.6,75.6,112.6,67.4,34.6,59.4,55.2,38,26.2,48,52.8,80.8,65.4,2.6,56.8,35.4,65.8,135.6,67.4,81,28.8,119.8,23.2,33,26.46,118.36
2020-02-02,110.6,181,33.6,54.2,87.6,19.8,45.2,190.2,75.6,112.6,67.4,42.4,59.4,55.2,38,34.2,48,52.8,85.2,65.4,2.6,56.8,38.4,65.8,135.6,117.4,82.4,30,119.8,26.2,33.6,30.36,119.32
2020-02-03,115.6,181.4,33.8,54.6,87.6,19.8,45.2,191.4,75.6,112.6,67.4,42.4,59.4,55.2,39.4,34.2,48,52.8,85.8,65.4,2.6,56.8,47.6,65.8,140,118.8,82.4,54,119.8,34.6,33.8,33.84,119.6
2020-02-04,116,183.4,33.8,54.8,88.4,19.8,45.2,197.2,75.6,113.4,68.4,54.6,59.4,58,40,36.6,48,52.8,88.4,65.4,13.6,56.8,48,65.8,140,118.8,82.4,73.2,120,37.4,34,34.26,119.76
2020-02-05,120.8,183.4,36.2,55,89.6,19.8,45.2,205.4,75.6,121,68.4,54.6,59.4,60.8,40,36.6,48.2,52.8,88.8,65.6,31.4,56.8,49.8,67,140,119.2,83.4,125.8,120,37.4,34,36.24,124.84
2020-02-06,120.8,183.4,36.2,58.6,92.4,20.2,45.2,205.4,79,129.6,68.4,54.6,59.4,61.2,40,36.6,48.2,52.8,90,65.6,31.6,56.8,54.6,67,140,122.6,83.4,125.8,120,37.4,34.6,36.24,128.84
2020-02-07,120.8,183.4,36.2,60.4,92.4,44.2,45.2,212.2,80.2,131.6,68.4,54.6,61.6,61.2,40,36.6,48.2,52.8,143.8,65.6,31.6,56.8,56.4,67,141.4,123.8,83.6,125.8,120,37.4,34.6,36.68,139.44
2020-02-08,120.8,183.4,45.8,62.2,92.4,86.6,45.2,212.2,80.2,131.8,68.4,54.8,87.8,62.6,40,36.6,48.2,53.2,143.8,65.6,31.6,56.8,56.4,67,141.4,123.8,83.6,128.8,120,37.4,34.6,37.66,139.48
2020-02-09,121.6,183.4,45.8,76.4,98.8,86.6,45.2,212.2,80.2,131.8,68.6,57.4,87.8,65.6,55.8,36.6,48.2,53.2,150.8,65.6,31.6,56.8,62.6,67,141.4,123.8,83.6,129.6,121.2,37.4,35.4,38.18,139.48
2020-02-10,124.2,189.4,45.8,76.4,105.8,86.6,45.2,215.8,80.8,131.8,68.6,59.6,87.8,65.6,60.2,36.6,55.2,58.6,150.8,76,31.6,56.8,64.6,67,141.6,123.8,83.6,129.6,134.8,37.4,37,38.18,140.24
2020-02-11,124.4,189.4,45.8,76.4,139.4,86.6,45.2,215.8,85.8,133,68.6,59.6,89,65.6,60.2,36.6,56.6,58.6,150.8,76.2,31.6,56.8,64.6,67,143.2,123.8,83.6,129.6,138.2,37.4,37.2,38.18,142.44
2020-02-12,124.4,189.4,45.8,76.6,165.2,86.6,45.2,215.8,85.8,133.6,68.6,59.8,129.8,68.8,60.8,37.8,69.2,58.6,150.8,76.2,31.6,57.2,64.6,67,143.2,129.4,83.6,129.6,138.2,37.4,37.2,38.54,149.28
2020-02-13,124.4,189.6,45.8,89.4,165.8,86.6,45.2,215.8,85.8,137.2,68.6,59.8,131.4,68.8,60.8,37.8,71.2,82.6,152.2,76.2,32.8,77,64.6,67,156.8,129.4,83.8,129.8,138.2,37.4,37.2,38.54,155.88
2020-02-14,132.4,190,45.8,92.8,166,89.6,45.2,219.6,85.8,137.4,82.6,59.8,132.4,69.4,60.8,40.8,71.4,83.8,169.6,76.2,33.2,84,65.2,67,163,133.6,83.8,131.2,138.2,37.4,37.2,41.24,165.4
2020-02-15,132.4,190,45.8,93.2,166,89.6,45.2,219.8,85.8,137.4,90,64.6,132.6,70.8,60.8,41,71.4,84,169.8,78,33.2,84,65.2,67,163,134,87.8,131.4,138.2,37.4,37.2,41.42,165.4
2020-02-16,132.4,190,45.8,93.4,166,89.6,45.2,221,98.2,137.4,90,65.2,132.6,70.8,60.8,52,73.4,84,169.8,78.8,35.8,85.8,65.2,67,163,134,88.8,131.4,140.2,41.6,37.2,45.26,165.4
2020-02-17,132.4,190,45.8,93.4,166,89.6,45.6,228.4,98.2,137.4,90,67.8,132.6,70.8,60.8,52.2,73.4,84,169.8,78.8,35.8,85.8,65.2,67,163,134.2,89,131.4,140.2,41.6,37.2,45.62,165.4
2020-02-18,132.4,190,45.8,93.4,166,97,45.6,228.6,98.4,137.4,113.8,69,132.6,70.8,60.8,52.2,73.4,91,169.8,79.6,35.8,87.8,65.2,78.4,163,134.2,89,133.8,140.2,41.6,37.2,45.62,165.4
2020-02-19,132.4,217,47.4,97.2,166,97,45.6,228.6,98.4,141.6,118.2,71.2,132.6,70.8,62.2,52.2,73.4,92.4,170.4,84.6,35.8,87.8,66.4,78.8,163,136.2,89,133.8,140.2,41.6,37.2,45.78,165.4
2020-02-20,132.4,234.8,55.4,97.4,166,97,45.6,228.6,98.4,141.8,118.2,72.2,132.6,70.8,62.2,52.2,73.4,92.4,171,84.8,35.8,87.8,66.4,78.8,163,140.4,90.2,133.8,140.2,51.6,37.2,51.66,165.4
2020-02-21,132.4,261.6,55.4,98.2,166,97,45.6,228.6,98.4,141.8,120.2,76,132.6,70.8,62.2,52.2,95.6,92.4,171.2,85.4,35.8,87.8,66.4,79.2,163,185.8,90.2,133.8,140.2,51.8,37.2,51.84,170.16
2020-02-22,132.4,261.6,55.4,98.2,166.2,97,45.6,228.6,98.4,141.8,122.4,77.8,132.6,72,62.2,52.2,110.6,92.4,177.6,85.6,35.8,88.2,76.8,79.2,163,199,90.8,141,140.2,52.6,70,52.88,175.32
2020-02-23,132.4,276.4,55.4,99.6,166.2,100,52.2,228.6,100,149,122.4,77.8,132.6,78.2,64.6,52.8,121.6,92.4,181.2,111.4,35.8,91.4,76.8,79.2,163,199,90.8,141.2,140.2,58.8,83.4,55.74,178.9364071
2020-02-24,132.4,276.4,55.4,99.6,166.6,120.6,52.2,228.6,100,156.2,126.6,78,133.8,82.4,65,52.8,132.8,92.4,181.8,160.4,35.8,93.4,76.8,79.2,163,199,91.2,141.2,140.2,59,84.2,55.76,180.2370846
2020-02-25,132.6,276.4,55.4,99.6,166.6,120.8,52.2,228.6,104,156.6,126.6,80,138.6,82.4,65,52.8,133,92.4,187,160.8,35.8,93.4,78,81,163,199,93.2,141.2,140.2,59,84.4,55.76,184.5652511
2020-02-26,132.6,276.4,55.4,99.6,169.6,120.8,52.2,228.6,110.2,156.6,126.6,80,138.6,82.4,65,52.8,133,92.4,187,162.4,35.8,93.4,79,103.6,164.2,202.6,93.2,141.2,140.2,60.4,84.4,55.9,184.8074141
2020-02-27,139.6,276.4,58.2,99.6,178.8,121.2,53.2,228.6,110.2,156.6,126.6,80,138.8,82.4,65,52.8,133,92.4,187,163.6,35.8,93.4,79,103.6,164.2,202.6,93.2,141.2,140.2,61,84.4,58.48,185.36
2020-02-28,139.6,276.4,58.6,99.6,178.8,123,56,228.6,110.2,156.6,126.6,84.6,139,93.2,65,54,133,92.4,187.2,163.6,35.8,98.4,80.8,103.6,164.2,202.6,96.2,141.2,140.2,61,84.4,58.84,185.52
2020-02-29,141.6,276.4,59.4,99.6,178.8,124.2,64.6,228.6,110.2,166.6,126.6,96,139.8,93.2,65,54,135.2,92.8,187.2,163.6,35.8,113.6,82,103.8,164.2,202.6,96.2,141.2,140.2,61,84.4,61.36,185.52
2020-03-01,141.6,283.2,59.4,102.2,179.4,124.8,65.6,228.6,110.2,166.6,126.6,96.2,139.8,99.6,65.6,71.8,137,94.4,187.2,179,35.8,113.6,82,103.8,164.2,202.6,96.2,141.2,140.2,61,84.4,65.6,185.846591
2020-03-02,142,283.2,59.4,108.2,179.4,125,65.6,228.6,110.2,168.4,126.6,96.2,141.8,101.4,65.6,91.2,137,96.6,187.2,180.2,35.8,123.6,87.2,103.8,164.2,202.8,96.2,141.2,140.2,61,84.4,65.6,186.0321658
2020-03-03,143.6,283.2,59.4,113.2,179.4,125,65.6,228.6,110.2,170.8,126.6,96.6,141.8,107.4,65.6,110.2,137,96.6,187.2,183.6,35.8,131.6,87.6,103.8,164.2,202.8,96.2,141.2,140.2,61,86.6,65.6,186.48
2020-03-04,143.6,283.2,59.4,113.2,189.8,125,65.6,228.6,110.2,173.4,126.6,96.6,141.8,107.4,65.6,110.2,137,96.6,191.4,186,35.8,132.8,87.6,103.8,164.2,210.2,96.2,141.8,140.2,61,89.2,65.6,191.08
2020-03-05,143.6,283.2,59.4,113.2,191.2,127.2,65.6,228.6,110.2,173.4,126.6,96.6,141.8,107.8,65.6,110.2,138.8,99.4,192.4,186.2,35.8,132.8,87.6,103.8,164.2,210.8,96.2,141.8,140.6,61,90.4,65.6,192.16
2020-03-06,143.6,288,59.4,113.2,191.2,139.4,65.6,228.6,110.2,173.4,126.6,96.6,142.2,114.8,65.6,110.4,138.8,99.4,193.2,186.2,37.6,132.8,88.4,103.8,166.6,212,96.2,141.8,140.6,62.6,90.6,65.6,192.8
2020-03-07,143.6,289,59.4,113.2,191.8,141.2,65.6,233.6,110.2,173.4,126.6,96.6,142.2,116.6,68.2,110.4,138.8,99.4,193.2,187,37.6,139.8,96.4,103.8,166.6,212,102.6,141.8,141,64.8,91,65.86,192.92
2020-03-08,143.6,289,59.4,113.2,191.8,141.2,92.6,233.8,111.6,175,126.6,96.6,142.4,118,68.2,110.4,145.4,99.4,193.2,187,37.8,139.8,96.4,107,166.6,213.6,102.6,142,141,64.8,91,70.48,192.92
2020-03-09,143.6,289,61.6,116.4,198.6,141.6,96.4,233.8,111.6,176.4,126.6,97,142.4,118,68.2,111.4,146.6,99.4,193.2,187,37.8,139.8,96.4,107,166.6,214.8,102.6,142.6,141,64.8,94.4,70.82,197.52
2020-03-10,143.6,289,67.6,117.2,198.6,144.8,96.4,233.8,111.6,176.4,126.6,97.4,146.8,122.4,68.2,113.4,163.4,99.8,206.8,187,38,139.8,105.2,108.4,166.6,214.8,103.2,151.6,146.6,64.8,98,71.02,205.16
2020-03-11,144.2,289,67.6,121.8,198.6,145.2,104.2,233.8,111.6,176.4,126.6,105.4,147,124.2,68.2,113.4,165.6,100.8,208.2,194.4,38,139.8,105.2,111.4,169.8,214.8,103.2,160.4,146.6,64.8,98,71.18,206.28
2020-03-12,144.2,289,67.6,121.8,198.6,145.2,104.2,234,111.6,176.4,127.6,105.4,147,124.6,85,116,165.6,104.6,208.2,212.2,38,139.8,105.2,111.4,194.6,214.8,103.2,160.4,146.6,64.8,107.6,86.82,211.4
2020-03-13,144.2,290.6,88,121.8,198.8,145.2,104.6,301,111.8,179,127.6,105.4,147,124.6,85.8,116,165.6,104.6,208.2,212.6,38,140,105.4,111.8,195.6,214.8,108.2,160.4,146.6,64.8,108,89.66,211.72
2020-03-14,144.2,290.8,88,121.8,198.8,155.8,104.6,311.2,112.2,179,127.6,105.6,147,127.4,86.8,116,165.6,104.6,220,212.6,38,140,105.4,111.8,195.6,214.8,108.2,160.4,146.6,64.8,108.2,89.66,214.36
2020-03-15,144.2,290.8,88.4,123,202.4,159.4,104.6,311.2,112.2,179,127.6,105.8,147,127.4,88,116,165.6,104.6,225.2,218.6,38,140,105.6,122.4,195.8,214.8,109.8,160.4,147.8,68.2,108.2,90.02,217.84
2020-03-16,144.2,293.2,92.6,126.4,202.6,159.4,105.8,313.2,112.2,185.6,127.6,105.8,147,127.4,88,116,165.6,110.4,229.6,224.2,38.2,140,105.8,125.8,196,214.8,109.8,160.4,147.8,68.4,110,93.92,222.32
2020-03-17,152.6,317.2,92.6,126.4,203.8,159.4,105.8,313.2,112.2,186,127.6,110.2,147,128,88,116,165.6,110.4,230.2,224.2,62.4,158.6,107.8,125.8,198.2,214.8,109.8,160.8,147.8,68.4,116.4,93.92,222.32
2020-03-18,153.8,395.2,93.6,126.4,204,163,105.8,313.2,112.2,186.2,127.6,110.4,147,128,90.2,116.6,171.4,110.4,232.6,224.2,64.2,158.6,109,125.8,198.2,214.8,109.8,160.8,147.8,68.4,116.4,94.82,224.9334839
2020-03-19,154.2,416,95.2,141.4,204.2,169.8,105.8,313.4,112.2,186.2,127.6,110.4,150,128,90.2,116.6,171.8,110.4,232.6,241.6,64.2,160.6,109,125.8,198.2,214.8,109.8,160.8,147.8,68.4,116.4,96.26,232.1481713
2020-03-20,156.4,416,98.8,142.6,205.2,169.8,105.8,313.4,112.2,186.2,127.6,113.6,151.6,128,90.2,116.6,172.2,114.4,232.6,241.6,64.2,160.6,109,126,198.2,216.4,109.8,162,147.8,68.4,140.8,99.5,232.3249559
2020-03-21,160.6,416,98.8,142.6,218.8,175.4,105.8,314.4,113,186.2,127.6,114.8,151.6,128,91.2,116.6,172.6,115,232.6,241.6,64.2,160.6,113,127.2,198.2,247.2,109.8,162,147.8,68.6,150.8,99.5,240.2388802
2020-03-22,160.6,416,98.8,142.8,219.2,175.4,107.2,316.4,113,186.2,127.8,114.8,151.6,128,91.2,122.6,172.6,115.2,233,241.8,64.2,160.8,113,127.4,198.4,247.4,109.8,166.6,147.8,68.6,151,99.64,240.5159519
2020-03-23,160.6,426,99,144,219.2,175.4,116,316.4,113,186.2,127.8,114.8,151.8,130.6,91.2,122.6,172.6,118.8,233.8,244.4,64.2,160.8,113,127.4,198.4,247.4,109.8,166.6,148.6,68.6,151,100.08,242.9978982
2020-03-24,167.4,426.2,99,144.4,219.2,176.4,116,316.4,113.4,186.2,127.8,118.6,154.8,130.6,91.2,122.6,172.6,118.8,233.8,244.4,64.6,168.6,116,127.4,198.6,250.4,111.6,172.8,149.6,68.6,151.2,100.26,243.2022636
2020-03-25,167.4,427.4,118.8,144.4,219.2,176.4,116,316.4,113.4,186.2,127.8,118.6,178.8,130.6,91.2,122.8,172.6,118.8,236.6,246.8,64.6,170.6,116.6,128.4,198.8,250.6,113.6,174.8,149.6,68.6,152,113.42,245.4759955
2020-03-26,169.6,427.4,118.8,144.4,219.2,176.4,116,316.4,113.4,186.2,127.8,118.6,182.3,130.6,91.2,122.8,173.8,121.4,236.8,251.6,64.6,170.6,116.6,128.4,215,250.6,114.8,174.8,149.6,68.6,152,113.54,248.8025863
2020-03-27,170,427.4,118.8,144.4,219.2,176.4,116,316.4,113.4,186.2,127.8,122.4,182.3,130.6,91.2,122.8,182.2,121.4,248.4,251.6,64.6,170.6,116.6,128.4,215.2,251,118,175,151.6,68.6,164.8,113.66,250.48
2020-03-28,170,427.4,118.8,144.4,219.4,179.6,116,316.4,116.4,186.4,129,123.4,187.9,130.6,91.2,123.6,182.2,121.4,248.4,253,64.6,170.6,121.8,129.8,215.2,251.4,118,175,151.6,69.2,175.8,116.04,250.8
2020-03-29,173.6,427.4,119,144.4,219.6,186.2,118,316.4,118.2,186.6,130.4,127.2,190.5,130.6,91.2,129.8,182.2,121.4,248.4,253,64.6,170.6,124.4,129.8,215.4,251.4,118,175,155,69.2,178.6,118,250.8
2020-03-30,175.2,427.4,119,144.4,220.6,186.6,118,316.4,118.2,187.4,130.6,127.2,190.5,130.6,91.2,138.6,182.2,121.4,248.4,253,64.6,170.6,124.4,130,215.4,251.4,118,175,155.4,69.2,178.6,118,250.8
2020-03-31,176.2,427.4,119,144.4,220.8,186.6,119,316.4,118.2,208.2,138.6,128.8,190.7,130.6,93.4,138.8,182.4,121.4,251.6,253,67.4,170.6,124.4,130,215.6,253,118,175,155.4,70,178.6,118.02,252.72
2020-04-01,176.2,427.4,119,144.4,220.8,195.6,119,316.4,118.4,222.8,138.8,128.8,190.7,130.6,93.4,138.8,182.4,121.4,251.6,253,67.4,170.6,124.4,130.4,215.6,253.2,118,175,155.4,70,180,118.04,252.72
2020-04-02,176.2,427.4,119,144.4,220.8,195.6,119,320.4,118.4,224.8,138.8,128.8,190.7,130.6,93.4,142.6,182.6,121.6,251.6,253,67.4,170.6,124.4,130.4,215.6,261,118.4,175,155.8,70.2,180,118.4,252.72
2020-04-03,176.2,427.6,121.4,146.2,220.8,200.6,119,320.4,131.2,224.8,139.2,131,190.7,131.6,102.6,142.6,182.6,136.2,257.6,253,70.2,170.6,125,130.4,221.2,261,118.4,175,155.8,70.2,180,118.46,256.68
2020-04-04,176.2,427.6,121.6,146.4,220.8,201.2,119,320.4,134,225.4,139.6,133.6,198.1,133,102.6,142.6,182.6,136.2,264.4,253,70.8,173.8,125.2,130.4,221.4,261,130.8,175,155.8,70.6,180,119.26,259.4
2020-04-05,181.6,427.8,121.6,146.4,237.6,201.2,119,320.4,138,225.4,152.2,134,198.1,134.2,102.6,142.6,182.6,136.2,265.8,253,70.8,175.8,125.2,130.4,227,261,132.4,175,155.8,73.2,180,119.26,259.5051805
2020-04-06,182,428,121.6,146.4,237.6,201.2,119,323.8,138,231.2,161.6,142,198.9,134.2,102.6,142.6,184.4,136.2,272,253,70.8,176.6,125.2,130.4,227.6,273.2,132.4,175.4,155.8,75.4,181.2,119.26,268.8165809
2020-04-07,186,428.2,121.6,152,265.4,201.2,131.2,326.4,138,232,161.8,150.6,199.5,134.2,102.6,143.4,189.8,136.2,273.8,253,70.8,180.4,125.2,130.4,227.8,273.2,132.4,176,155.8,75.6,181.4,121.96,271.64
2020-04-08,195.6,428.4,121.6,152,282.2,201.2,131.2,328.6,138,232.2,161.8,150.6,201.1,134.2,102.6,143.4,198.4,136.2,273.8,253.2,72.3,180.4,125.4,133.2,227.8,274.6,132.4,177,155.8,75.6,181.4,121.98,274.44
2020-04-09,204.6,428.6,122.2,166.2,284.6,201.2,131.2,328.6,138,232.2,162.2,150.8,201.1,134.2,102.6,143.4,199,136.2,273.8,253.6,72.3,180.4,126.4,133.2,227.8,278,132.4,177,155.8,75.6,181.4,122.62,277.16
2020-04-10,205.6,428.6,122.2,169,284.6,201.2,132.4,328.6,138.8,232.2,162.4,150.8,201.1,138.4,102.6,143.4,199,136.2,273.8,253.6,72.3,180.4,130,133.2,227.8,293.2,150.4,177,156.2,75.6,183,122.98,282.44
2020-04-11,205.8,428.6,123,172,284.6,201.2,132.4,328.6,139.2,232.2,162.4,153.8,201.1,143,104.8,143.4,201.8,136.2,273.8,254.4,72.9,184,130.8,133.2,245.4,293.2,151.2,177,156.2,83.4,191,123.78,282.44
2020-04-12,210.6,428.6,123,173.2,286.8,201.4,135,328.6,139.4,232.2,162.4,157.2,201.1,143.2,110.2,143.4,201.8,142.4,273.8,254.4,72.9,185.6,132,144.2,267,305,151.6,177.2,156.4,83.6,200.6,123.9,284.2
2020-04-13,212.2,428.6,123.6,173.4,289.8,201.8,135,328.6,139.4,232.2,162.6,159.6,201.1,143.2,112.8,143.4,201.8,142.8,286.4,254.8,72.9,185.6,156.2,144.2,268.2,305,152,179.2,160,83.6,202.6,124.74,289.12
2020-04-14,212.4,428.6,123.8,174.2,289.8,206,135,328.6,139.4,232.2,162.6,159.6,201.1,143.2,112.8,143.4,201.8,142.8,290.2,254.8,72.9,186,157,144.2,279.2,305.2,152.2,182.8,160.6,83.6,202.6,124.92,290.12
2020-04-15,212.4,428.6,123.8,174.2,293.2,207.8,139,328.6,139.4,232.2,162.6,159.8,201.1,143.2,112.8,143.6,201.8,143.8,291.2,254.8,72.9,194,157,144.2,280.4,305.2,152.2,187,160.6,83.8,202.6,125.32,292.8
2020-04-16,212.4,428.6,123.8,174.2,293.4,207.8,141.2,328.6,139.4,232.2,166.8,167.2,201.1,143.2,117.8,143.6,201.8,143.8,291.8,254.8,73.7,195.6,157.2,144.2,280.4,305.2,152.2,187.4,161.8,84,202.6,125.36,293.08
2020-04-17,212.4,428.6,123.8,194,293.4,210.8,143.6,329.6,139.4,232.6,168.4,170.8,201.1,143.2,118,143.6,201.8,143.8,296.2,258.2,73.7,202.2,170.6,144.2,281,307.6,152.2,188.6,162,84,207,125.36,295.64
2020-04-18,213.6,428.8,123.8,194,293.8,210.8,143.8,330.4,139.4,234.8,168.4,173,201.1,143.2,118,147.6,201.8,143.8,296.6,258.2,73.7,205,170.6,144.2,281,307.6,152.2,190.8,162,84,207.8,125.36,296.04
2020-04-19,214.4,430.4,123.8,194,297,214,143.8,336.4,139.4,234.8,168.6,173,201.1,143.2,118,156.4,201.8,143.8,299.2,259,81.7,205,171,144.2,281,309,153.4,191.6,162,84,208,125.36,298.76
2020-04-20,218.4,435,123.8,194.2,297.4,214.8,143.8,344.6,142.2,234.8,168.6,173,201.5,143.2,119.2,157.2,201.8,143.8,299.2,259,81.7,205.6,172.8,144.2,281,309.2,159.8,191.6,162,87.8,208.2,125.64,298.84
2020-04-21,222,435.6,123.8,228.2,297.4,214.8,155.6,346.4,142.2,236,168.6,173.2,201.5,143.4,119.2,157.2,201.8,143.8,299.2,259,83.9,205.6,173.6,146.6,281,309.6,160.2,191.6,164.4,97.8,208.2,125.64,298.84
2020-04-22,224.2,442.2,123.8,228.4,297.6,216.4,165.6,346.4,142.2,236.6,168.6,173.2,201.5,143.6,119.2,159,203.2,143.8,299.2,259,88.7,205.6,173.6,146.8,281,309.6,160.2,192.6,164.6,98,208.4,125.64,298.88
2020-04-23,224.2,443.6,123.8,228.4,300.8,217,165.6,348.2,144.6,236.6,168.6,173.2,209.9,143.6,125.2,159,203.4,151,299.6,259,101.9,208.6,173.8,151.6,283.2,309.6,160.2,192.6,164.6,99.2,211,127.04,300.56
2020-04-24,224.2,444.4,124,228.4,306.8,217,165.6,353.4,144.8,236.6,168.6,173.2,211.9,144.8,125.4,159,203.4,151,299.6,259,103.5,208.6,173.8,152.2,283.4,309.6,160.2,192.6,165.2,99.6,211,127.34,305.36
2020-04-25,231.6,444.6,124,228.4,307.4,217,165.6,353.4,144.8,236.8,168.6,173.2,214.3,268,128.2,159,203.4,174,300,259,103.5,210,174,152.4,283.4,309.6,160.2,192.6,165.4,99.6,222.6,129.86,305.92
2020-04-26,231.8,444.8,124,228.4,308.6,217,165.6,353.4,145.2,240,169,173.2,214.3,294.4,130,159,204,179.2,300,259,109.3,210,174,152.4,283.4,309.6,160.2,192.8,167.2,99.6,222.6,131.52,306.88
2020-04-27,239.8,444.8,124.4,228.4,308.6,228.8,166.4,353.4,145.2,266.8,169,173.2,215.5,294.8,130.2,159,204,179.2,300,259,109.3,231.2,177.2,152.4,283.4,329.6,163.4,192.8,167.6,100,222.6,131.7,306.88
2020-04-28,239.8,444.8,124.4,229,308.6,229.2,166.6,353.4,145.2,294.4,169,175.4,215.5,295,130.8,163,204.8,180.8,300,260.6,110.9,235.2,178.2,152.4,283.4,357.6,173.2,193.2,167.6,100,222.8,132.24,306.9265475
2020-04-29,242.4,444.8,124.4,237.4,308.6,229.2,166.6,353.4,146,294.4,169,175.4,217.9,295,131,163,215,180.8,300,260.6,112.7,238.6,184,152.4,286.4,380.6,182,193.2,167.6,100.4,223,132.5,307.6151537
2020-04-30,242.6,444.8,124.6,240.6,308.6,229.2,167.2,353.4,146.4,300.4,169.2,175.4,218.1,295,131,178.6,216.6,184.2,300,265,112.7,238.8,184,154,293,380.6,182,193.2,167.8,100.4,223,132.54,307.9098883
2020-05-01,242.6,444.8,124.8,241,308.6,231.2,168.2,353.4,146.4,307.2,171.2,175.4,222.7,296,131.8,184,216.6,184.4,300,273.4,112.7,239,184,154,293.2,380.8,182,193.2,167.8,101.2,223.2,133.26,308.32
2020-05-02,242.8,444.8,124.8,241,308.6,231.2,168.2,354.4,148.8,317.8,172.2,175.4,222.7,296,131.8,185.2,216.6,184.4,300,273.4,119.1,239,184,154,294.6,381,182,193.2,167.8,101.4,223.2,133.5,315.96
2020-05-03,242.8,445,124.8,241.2,308.6,231.2,168.2,354.6,148.8,324.4,172.2,178.8,222.9,296,131.8,196.4,216.6,184.6,305.2,273.4,119.1,239,184,154.2,298.2,381,182,196.4,167.8,101.4,223.2,133.5,321.285335
2020-05-04,249.2,445,128.4,241.2,308.6,231.4,170.2,355,148.8,326,172.6,180.6,223.1,296,131.8,202.6,218.6,184.6,318,273.6,128.1,239,184,154.2,300.6,381.2,182,196.4,167.8,101.6,223.2,133.5,324.4
2020-05-05,249.4,445,128.6,241.2,308.8,231.4,176.2,360,150.6,326.6,172.6,185,223.1,296,131.8,202.8,231.8,184.6,318,273.6,181.1,241,184,156.4,300.6,381.2,182,196.6,167.8,101.8,223.2,151.18,324.88
2020-05-06,249.4,445,128.8,241.2,309,231.4,176.6,360.2,150.6,331.8,172.6,185.8,223.1,297.2,131.8,202.8,231.8,184.6,322.4,273.6,181.5,241.2,184,156.4,300.6,383,182,199.8,167.8,101.8,223.4,151.18,329.92
2020-05-07,249.6,445.2,128.8,241.2,309,240.4,176.6,362.2,158.4,331.8,172.6,193,231.5,297.4,131.8,203,232.8,184.6,359.4,273.6,181.5,261.6,184,156.4,300.6,383,182,199.8,167.8,102.6,223.4,156.6,353.88
2020-05-08,249.6,445.2,128.8,241.8,309,241.2,176.6,367.2,158.6,331.8,172.6,193,231.7,297.4,131.8,203,240.6,184.6,359.6,273.8,181.5,262,184,156.4,300.6,383,182.4,200.6,170,113,223.8,156.62,354.04
2020-05-09,249.6,445.2,129.6,242.2,309.6,241.4,176.6,367.4,158.8,331.8,172.6,193,231.7,297.4,131.8,206,252.4,184.6,359.8,273.8,186.9,262.6,184,165.8,300.6,383,182.4,200.8,170,122.2,224.6,159.5,354.2
2020-05-10,249.8,445.2,129.6,242.2,309.6,241.4,176.6,367.4,158.8,331.8,175.6,193,231.7,297.4,131.8,208.2,274.2,184.6,359.8,278.6,186.9,262.6,184,166.6,302.8,383,182.4,200.8,170,122.2,226.4,159.58,354.2
2020-05-11,250,448.4,130.8,242.2,309.6,241.6,176.6,367.4,159.4,331.8,175.6,194.6,232.7,305.4,135,209.8,295,184.6,359.8,278.6,186.9,263.4,193.2,167.4,303.4,390.4,182.4,200.8,182.2,122.2,226.4,160.2,354.2
2020-05-12,250,449.8,130.8,242.8,309.6,245.4,176.6,367.4,160.6,332.8,175.8,195.2,232.7,305.4,135,212,309,185.8,359.8,280.8,186.9,275.8,209.4,167.6,303.4,390.4,201.6,201,182.2,122.2,226.4,161.3,354.4
2020-05-13,250,450.8,130.8,243,313.8,253.4,176.6,367.8,160.8,333,175.8,201.4,243.5,309.9,135,212,310,187.4,360.2,280.8,186.9,281,209.4,171.2,303.4,390.6,201.8,201,182.2,127.4,226.4,161.84,354.76
2020-05-14,252,451,130.8,243.2,325,254.2,176.6,367.8,161,333,175.8,204.2,243.5,313.3,135,212.8,310,187.4,360.2,280.8,186.9,281,209.4,174.6,303.4,390.8,207.4,201,182.2,129.6,231.2,162.36,354.76
2020-05-15,268.8,452.8,135,243.2,325,254.2,176.6,368.6,162.6,333,175.8,205,243.7,313.3,135,212.8,310,187.4,368.2,281.8,186.9,281.2,209.4,179.6,303.4,390.8,227.8,203.4,183.2,129.6,231.2,163.92,361.16
2020-05-16,280.6,463.4,135.8,245.4,325,254.2,177.2,382.6,162.6,333,175.8,205,243.7,313.3,135,212.8,312.8,191.2,373.6,291,187.1,281.8,209.4,182.2,303.4,391,235.4,203.4,183.2,130,,162.6,369.8128158
2020-05-17,295.4,463.8,146.4,246.4,325,254.2,177.2,382.6,165.4,333,175.8,205,243.7,313.3,135,212.8,313,191.2,377.4,291.6,187.5,281.8,209.4,192.4,304.6,391,235.4,203.6,184.4,132.2,,165.4,373.2795119
2020-05-18,300.6,463.8,146.4,246.4,325.2,254.2,177.2,382.6,167,333,176,205,243.9,313.9,135,212.8,316.4,191.2,377.4,294.6,197.3,285.2,209.4,193.8,311,391,236,203.6,189.8,132.2,,167,373.3913478
2020-05-19,301,463.8,146.4,246.4,326,254.2,177.2,384,167.2,333,177.4,205,243.9,313.9,135,212.8,336,191.6,377.4,295.4,197.5,285.2,209.4,196,324.6,391,236,203.6,190,132.4,,167.2,373.6274852
2020-05-20,301,464,146.4,246.4,329.4,254.2,177.2,388.2,169.8,333,178.2,205,243.9,313.9,135,213,345.8,192.2,377.6,295.4,197.5,291.4,209.6,196,329.8,395.8,236,203.8,190.6,135.4,,169.8,374.42
2020-05-21,301,464.4,146.4,246.4,329.4,254.4,177.4,392.4,171.8,333,179.4,205,243.9,313.9,135,213,355.2,192.2,377.6,295.6,197.7,291.6,212.6,196.2,329.8,395.8,236,203.8,191,140.2,,171.8,375.36
2020-05-22,301,465.6,146.4,246.8,330.4,254.6,177.4,392.6,172.4,333.2,182.4,206.6,243.9,313.9,135,226.2,356.2,192.2,377.6,295.6,215.1,302.6,212.6,197.4,329.8,397.2,236,204,191,140.4,,172.4,375.46
2020-05-23,301,465.6,146.4,248.8,331.6,255.2,177.4,394.2,175.4,344.4,182.4,206.6,243.9,313.9,135,242.2,372.4,192.4,377.6,295.6,215.9,305.8,212.6,247.4,331.2,399.2,236,204,193.4,140.4,,175.4,377.08
2020-05-24,301,465.8,146.4,248.8,331.6,255.2,177.4,394.2,177.4,348.8,182.4,206.8,244.1,314.1,135,252.2,373.4,225.8,377.6,295.6,215.9,305.8,217,261.2,331.2,399.2,236,204,193.4,140.6,,177.4,377.18
2020-05-25,301.4,469.2,146.4,254.4,340.4,256.8,177.4,394.2,178,353.4,182.4,209.6,244.1,314.3,136.8,255.4,373.4,300.6,377.6,301.8,218.9,321.4,218.8,261.2,331.4,401.8,236,204.2,193.4,141.6,,177.4,377.18
2020-05-26,305.8,476.2,146.4,259.8,354.6,272.8,177.4,394.2,181,364.2,182.4,209.6,246.6,317.1,136.8,255.6,373.4,331.8,377.6,301.8,226.9,322.4,220.2,261.6,335,403,237.2,204.4,193.4,141.6,,177.4,377.18
2020-05-27,308.6,476.2,146.4,260.2,354.6,273.2,177.4,394.2,182.4,369.4,184.6,209.8,246.6,317.5,136.8,255.6,373.6,346.2,377.8,301.8,227.5,322.4,220.2,261.8,335.4,410.8,237.2,204.4,193.4,141.6,,177.4,377.38
2020-05-28,310.6,477.4,148.4,261.6,355,273.2,177.4,394.4,183,380,184.8,209.8,246.6,317.5,136.8,255.6,374.2,425,378,304.2,229.3,322.8,220.2,262,335.6,412.6,238.4,204.4,198,141.8,,177.4,392.96
2020-05-29,311.6,481.8,161.8,261.6,355.2,273.8,177.4,395.2,183.6,380,190.8,210.4,246.6,317.9,136.8,255.6,374.6,427.4,378,304.8,229.3,327.4,220.6,279.2,335.8,412.8,238.4,204.6,221.2,142,,177.4,393.68
2020-05-30,311.6,484.8,162.4,261.6,355.4,278.2,177.4,395.4,183.6,380,192.6,210.4,247.8,318.1,136.8,255.8,381.6,427.4,378,304.8,229.3,327.4,221.4,288,339.4,412.8,241,204.6,249.8,142,,177.4,394.02
2020-05-31,321.4,484.8,165.2,269.6,356,281.4,183.8,395.4,183.8,380,192.6,212,248.4,318.1,139.8,255.8,382.8,427.4,378,305.6,229.3,327.4,221.4,294.8,341.6,412.8,242,204.6,252.8,142,,183.8,394.14
2020-06-01,321.4,484.8,179.6,285,356.2,282.8,183.8,395.4,183.8,388.4,196.2,213.6,249.8,318.1,147.3,260.4,382.8,427.4,378,307.4,229.3,327.4,221.6,299.2,342.6,413,250.2,204.6,252.8,142,,183.8,394.7
2020-06-02,321.4,496.6,185.4,285.6,356.2,285.4,183.8,406.4,183.8,388.4,199.4,213.6,253.2,318.1,150.1,261.4,382.8,427.6,378,307.6,246.5,327.4,241.8,299.2,342.6,413,250.2,204.8,252.8,145.2,,183.8,404.6
2020-06-03,321.8,496.8,197.4,286.8,356.4,285.4,187.2,422.4,183.8,388.8,199.4,214,255.4,322.3,150.1,261.4,382.8,427.8,378,317.2,247.9,327.4,328.6,299.2,348.8,413.2,257.6,205,252.8,145.2,,187.2,410.76
2020-06-04,321.8,497,197.6,294.2,356.6,285.4,187.2,423.6,185.8,388.8,199.4,214,257.8,325.7,153.7,262,383.4,427.8,381.8,317.2,247.9,327.8,329.2,299.2,353.4,413.4,257.6,209.4,252.8,145.4,,187.2,410.94
2020-06-05,321.8,497,198.2,294.4,356.8,285.4,187.2,427.4,185.8,395.8,199.4,214.8,258.8,325.7,154.7,262,384.2,427.8,381.8,317.2,248.5,329.4,329.4,299.2,353.6,425.8,257.6,213.4,252.8,145.4,,187.2,422.8
2020-06-06,321.8,497.2,198.4,297.2,356.8,285.4,187.4,427.8,186.6,396.6,203.4,216,258.8,325.7,156.9,262,385,456.4,381.8,320.7,248.5,330,329.4,299.2,353.8,427.8,260.2,217.8,252.8,145.6,,187.4,424.68
2020-06-07,322,497.4,198.4,297.2,356.8,285.4,189.8,429.4,187.4,397,203.4,230.8,263.4,325.7,160.7,271.6,385,471.6,381.8,321.3,248.7,331.4,329.4,299.2,353.8,428,263.6,219,252.8,145.6,,189.8,424.9
2020-06-08,322.6,497.4,203,297.2,357.6,285.4,191.8,429.6,187.4,397,203.4,230.8,263.4,325.7,164.9,275.6,385,472.4,381.8,321.5,249.3,331.4,329.4,299.2,353.8,428,263.6,219,252.8,145.6,,191.8,424.9
2020-06-09,323.4,497.4,225,300.4,357.6,285.4,191.8,429.6,197.4,397,203.8,230.8,263.4,325.7,166.7,275.6,385,472.4,382,322.3,249.3,333,331,300.8,359,428,263.6,219,253,146.6,,197.4,424.9
2020-06-10,323.6,512.6,227.6,306,357.6,285.4,191.8,429.8,200.2,397.8,203.8,233.4,263.4,325.7,166.7,275.6,385,472.6,382,322.3,249.3,333.6,331,302.4,359,429.4,263.6,219,255,146.8,,200.2,426.24
2020-06-11,324.4,523.8,229.2,314.2,357.6,285.4,191.8,430,200.2,397.8,203.8,233.4,263.4,331.3,166.9,275.6,385,472.8,382,325.3,249.5,333.6,331,302.6,359,429.4,264,219,255,148.4,,200.2,426.3229259
2020-06-12,324.4,526,231.8,326.2,358.2,285.4,201.6,441.8,200.2,397.8,203.8,233.4,263.6,333.3,166.9,275.6,385,472.8,384,327.3,252.3,333.6,335.4,302.8,366,429.6,264,220.6,255.4,148.4,,201.6,426.7686689
2020-06-13,324.4,526,232,327.4,358.2,285.4,209.8,448,200.2,397.8,203.8,233.4,263.8,333.3,167.5,276.6,385,472.8,384,327.5,253.1,333.6,341.8,302.8,378.8,430.4,264,220.6,272.6,154.4,,203.8,427.6722236
2020-06-14,326.4,526,232.6,327.4,358.4,285.4,215.8,448,202.6,417.4,203.8,233.6,263.8,334.1,167.9,276.6,385.2,479.6,384,328.9,253.1,333.6,342,302.8,379.4,430.4,264,220.6,272.6,162.4,,203.8,429.1
2020-06-15,326.4,527.2,240.4,327.4,359,285.4,216,448,204,417.4,204.8,234.2,263.8,334.9,168.3,278.4,385.8,479.6,388.6,336.5,269.9,333.6,344,307.2,382,430.8,264.2,220.8,273.6,162.8,,204.8,429.46
2020-06-16,328,529,240.6,329.8,359,285.4,218,448,207.8,417.4,207.8,235.6,263.8,336.5,168.5,278.4,388.4,479.6,388.6,340.9,295.3,334.4,344,307.2,382,430.8,266.8,220.8,277.6,164.4,,207.8,429.46
2020-06-17,328,529.2,240.8,330,359,286.2,218,448,212.8,429.2,207.8,239.6,263.8,336.5,168.5,279.2,388.4,479.6,388.6,340.9,307.5,334.4,348.6,307.2,382,431,272.6,220.8,286,164.4,,212.8,430.82
2020-06-18,329.6,529.2,241.2,330,359.2,289.6,218.4,450,212.8,429.6,210.8,239.6,263.8,340.3,168.7,279.2,388.4,479.6,388.6,341.7,309.1,336.4,356.2,307.2,384.4,434.2,272.6,228.2,286,165.8,,212.8,433.74
2020-06-19,329.6,530.6,242.6,330,359.2,289.8,218.4,459.6,212.8,429.6,210.8,247.2,263.8,340.3,168.7,279.2,388.4,481.2,393.2,342.1,349.9,338,356.2,307.6,384.4,436.4,272.8,228.6,286,168.2,,212.8,435.72
2020-06-20,329.6,530.6,242.8,330,359.2,289.8,218.4,459.6,212.8,429.6,210.8,247.2,264,341.5,168.9,279.4,388.4,481.8,393.6,342.1,349.9,338,356.4,307.6,384.4,436.6,272.8,228.6,287.4,168.2,,212.8,435.9
2020-06-21,330.8,530.8,243,330.2,359.2,289.8,218.4,459.6,212.8,429.6,210.8,247.2,264,341.9,170.3,279.4,388.6,484,393.6,342.1,349.9,338.2,363.4,310.8,386,436.6,272.8,229.4,288.6,168.4,,212.8,435.9
2020-06-22,330.8,531.4,243,330.2,359.2,293.8,218.4,461.6,212.8,429.8,210.8,251.8,264,342.3,182.1,279.6,388.6,487.6,394.8,342.1,349.9,338.2,363.4,311,386.6,436.6,272.8,229.4,289.4,168.6,,212.8,435.92
2020-06-23,330.8,532,243,330.2,362,293.8,218.6,461.6,212.8,431.2,211,252.4,264.6,342.5,190.1,279.6,388.8,489.6,395,342.3,349.9,338.2,363.4,311,388.2,436.8,272.8,229.6,289.4,168.8,,212.8,436.24
2020-06-24,332,563.2,243.8,330.4,362,294,218.6,461.6,212.8,431.2,214.2,252.4,265.2,342.5,194.9,280.8,389.4,489.6,395.2,342.7,349.9,338.4,363.4,316.8,388.8,437.2,272.8,229.8,289.4,169,,214.2,436.6
2020-06-25,332,579,244.2,330.4,363.8,294,219.8,465,212.8,431.2,217,255,267.4,342.5,196.7,281.2,389.4,489.6,397.2,344.5,352.1,338.4,363.4,316.8,389,443.8,272.8,229.8,304.6,169,,217,442.54
2020-06-26,332,587.6,245.2,332.4,364.2,297.4,220,465.2,212.8,434.2,217,256,267.4,342.5,196.7,281.2,390.2,489.6,397.6,344.5,352.1,338.4,368,316.8,389,444.4,272.8,229.8,306.2,169.2,,217,443.38
2020-06-27,337.6,589.8,248.2,332.8,364.2,297.4,220,465.2,215.2,434.6,217,256,267.4,342.5,196.7,285.2,390.2,489.6,397.6,347.3,353.1,338.6,368,320.2,389,444.4,272.8,229.8,311.6,171.2,,217,443.42
2020-06-28,337.8,599.6,252.4,334.2,364.2,297.4,220,465.4,216,434.6,217,256,273,342.7,196.7,285.8,394.4,489.6,398.6,354.5,353.1,338.6,374.4,320.4,389,444.4,272.8,229.8,321.6,171.2,,217,443.42
2020-06-29,337.8,602.4,279.8,336.2,364.2,297.4,220,465.4,216.2,437.8,217.4,256,278.2,343.9,211.3,297.6,395.2,489.6,398.6,358.1,353.3,338.8,379.6,320.4,389.2,444.4,272.8,235.2,321.8,171.4,,217.4,443.74
2020-06-30,338,604.8,285.2,337.8,364.2,297.6,220,465.4,216.2,457,224.6,256,278.4,344.1,211.7,298.8,395.2,489.6,398.6,358.1,353.3,338.8,379.6,320.4,389.4,445.2,272.8,237.4,322,173,,220,455.82
2020-07-01,338,608.6,285.4,345.4,364.2,297.8,220,465.4,216.2,458.8,224.6,256,280.2,344.3,211.7,299,395.2,489.6,398.6,358.1,353.7,338.8,379.6,321,404.4,447.4,272.8,245.6,322,173.2,,220,457.66
2020-07-02,338,620.8,285.4,346.8,364.4,298.4,239.8,465.4,216.2,458.8,224.6,256,280.4,344.3,215.7,299,395.4,489.6,398.6,358.1,353.7,340.6,379.6,321.2,414.4,448.6,272.8,248.4,322,173.2,,224.6,457.78
2020-07-03,338,621.2,285.4,347.8,364.8,298.6,240,466.8,216.2,459,228.4,256,280.4,350.9,215.7,299,399.4,489.6,398.6,358.1,359.3,340.6,379.6,321.8,416,448.6,272.8,248.4,322.2,174.2,,228.4,457.96
2020-07-04,338.2,621.2,285.4,347.8,365,298.6,240,469.2,216.2,459.4,228.4,256.2,280.4,353.9,223.7,299,403.8,489.6,398.8,358.3,359.3,342,380.6,321.8,427.8,448.8,273.4,248.6,322.2,174.2,,228.4,458.34
2020-07-05,338.2,624,288.4,347.8,365,298.6,240,469.4,216.2,459.6,233.2,256.2,280.6,355.1,225.3,305,403.8,489.6,399,358.3,359.3,345.6,380.8,322.4,427.8,449,273.6,249,322.2,174.6,,233.2,458.54
2020-07-06,339,626.4,288.8,348,365,298.6,240.4,469.6,216.2,459.6,233.2,256.2,280.6,355.1,226.5,318,403.8,489.6,399,358.3,359.3,345.6,380.8,322.4,428,450.4,273.8,249.4,334.2,174.6,,233.2,458.68
2020-07-07,339,633.4,292.4,348.2,365,301.4,241.6,469.6,216.2,459.6,233.8,256.2,281.4,355.3,226.5,321.6,405,489.6,399.6,358.5,361.9,345.6,382.2,322.4,428,450.4,273.8,273,335.2,177.4,,233.8,458.68
2020-07-08,339.2,638.2,295,348.2,365,303.6,241.6,469.8,216.2,459.6,233.8,256.2,284.2,357.5,228.1,321.8,405.2,493.8,400.4,358.5,361.9,346,386.8,322.6,428,450.8,274.4,278,336.2,189,,233.8,458.72
2020-07-09,339.2,642.8,299.2,348.2,387.8,303.6,241.6,469.8,216.2,461.4,235.6,256.2,284.2,357.5,228.3,321.8,405.2,494.6,402,358.5,362.5,346,387.6,324.4,428,458.4,274.4,282.2,337.6,196,,235.6,461.1
2020-07-10,339.4,644.6,299.4,348.2,403,304,241.6,470,217.6,464,239.6,256.2,284.2,357.5,228.3,321.8,405.2,494.8,403,358.5,362.7,346,387.6,324.4,428.2,458.4,274.4,282.2,338,196,,239.6,463.44
2020-07-11,339.8,645.8,299.4,348.8,406.4,304,252,470.8,217.6,464,239.8,256.2,288.4,357.5,228.3,321.8,407.8,495,403.2,358.5,362.7,346,387.8,324.4,434,459.6,274.4,282.2,338,196,,239.8,463.56
2020-07-12,346.8,646,300,350.4,406.4,304.8,252,471,217.8,464.8,240,256.2,289.8,357.5,228.3,322.2,410.4,495.2,407.8,358.5,362.7,346,388,324.6,441.2,459.6,274.6,283.8,338,239.8,,240,464.28
2020-07-13,346.8,646,300,350.4,408.6,304.8,252,471,217.8,468.2,240,256.2,292.2,358.5,228.3,322.2,410.8,495.2,407.8,358.5,366.9,348.2,388,324.6,443.4,459.6,278.8,285.6,338,253.6,,252,467.34
2020-07-14,347.4,646.2,300.4,350.4,408.6,304.8,252,471,217.8,473.6,240.4,256.2,292.2,358.5,228.9,322.2,412.4,495.2,409.6,367.1,371.3,348.4,388.2,325.6,443.4,459.6,278.8,285.6,340.4,256.4,,252,469.86
2020-07-15,347.4,646.2,306.2,350.6,408.8,304.8,252,471,217.8,476.4,240.4,256.4,292.4,358.5,228.9,322.8,412.4,495.2,409.8,376.7,371.3,348.8,388.2,333.8,443.8,459.6,281,285.6,350.8,258,,252,469.86
2020-07-16,347.6,646.2,308,351.8,409,304.8,252,471.2,217.8,476.4,244.8,256.4,292.4,358.5,228.9,322.8,412.4,495.2,409.8,376.9,372.1,349,390.8,334.2,445.8,459.6,281.2,285.8,353.2,258,,252,470.04
2020-07-17,347.6,646.2,309.4,351.8,409,305.2,254,472.2,217.8,476.6,244.8,256.4,292.4,358.5,228.9,323,412.4,495.2,409.8,376.9,372.1,349,390.8,337.4,445.8,459.6,281.2,286.2,354.8,258,,254,470.94
2020-07-18,348,646.2,309.4,360,409.2,305.2,255.2,472.8,220,476.6,245.2,256.4,292.6,358.7,228.9,323,417,495.2,409.8,376.9,377.7,349,391.2,343.2,445.8,459.6,281.4,286.2,357.2,266.6,,255.2,471.48
2020-07-19,348.6,646.2,309.4,369.8,411.2,305.2,256.6,472.8,279.6,476.6,245.8,258.8,292.6,361.3,229.1,323,418.4,495.4,409.8,376.9,377.7,352,391.6,344.2,446,459.6,285,286.2,357.2,271.6,,258.8,471.48
2020-07-20,348.8,646.2,309.4,370.4,411.4,306,257.4,472.8,300.2,476.6,245.8,259,292.8,364.5,229.1,323.2,418.4,495.4,410.6,376.9,377.7,353.8,392.2,344.4,447.2,459.6,299.4,286.2,357.2,271.8,,259,471.48
2020-07-21,348.8,646.2,309.4,370.4,411.4,319.2,257.4,472.8,307,476.8,245.8,259,292.8,365.1,229.9,323.4,431.6,495.4,410.6,376.9,377.7,356.8,392.2,348.6,447.2,460,301.2,286.4,357.2,273,,259,471.52
2020-07-22,349,646.6,309.4,370.6,411.6,321.4,257.8,482.6,307.4,477.2,245.8,261.6,292.8,365.1,229.9,323.4,431.6,502.6,410.6,377.5,377.9,357.4,392.2,348.6,447.2,464.2,301.2,286.4,357.2,275.6,,261.6,475.9
2020-07-23,349.6,647,312.6,371.4,418.8,321.4,257.8,483.2,307.8,477.2,245.8,261.8,292.8,365.5,232.5,323.4,433.4,502.6,411,377.5,378.1,357.8,392.2,348.6,447.2,484.4,301.4,289.4,357.2,275.8,,261.8,482.6
2020-07-24,351.4,647.2,313.2,371.4,419,321.4,257.8,483.6,308,480,245.8,261.8,292.8,365.9,232.5,343,433.6,502.6,413.2,377.5,378.1,358.6,392.2,359.2,447.2,484.8,301.4,290.4,357.2,275.8,,261.8,483.24
2020-07-25,351.6,647.2,313.2,371.4,419,321.4,262.8,484.6,308,480.6,245.8,261.8,292.8,365.9,233.5,348.8,433.6,502.6,418.6,379.3,378.1,359,392.2,373.8,447.2,485.4,301.4,290.4,357.2,279.8,,262.8,484.2
2020-07-26,351.6,656.8,314.2,371.6,419,321.4,277.6,484.6,308,480.6,245.8,261.8,292.8,365.9,233.5,351.8,433.6,506.8,418.6,379.3,378.1,360.6,392.2,373.8,447.2,485.6,301.4,290.4,358,300.6,,277.6,484.2
2020-07-27,351.6,667.6,315.8,371.8,419.8,321.4,280.2,486,308,480.6,246,262,294.8,366.3,233.5,363.6,434.6,506.8,418.6,379.3,378.1,361.4,392.2,373.8,447.2,485.8,301.4,290.4,358,313.2,,280.2,485.28
2020-07-28,351.6,667.6,317.8,374,420,321.6,280.2,489.2,308.6,480.6,246,262.2,294.8,366.5,238.1,371,435.2,506.8,419.6,379.3,378.1,361.6,392.2,375.4,447.2,487,301.4,290.4,358,314.4,,280.2,486.36
2020-07-29,351.6,667.6,317.8,374,424.6,321.6,281.4,489.4,308.6,480.6,246,262.2,295,366.5,246.5,374.6,436.8,506.8,424.2,379.5,378.1,361.6,392.4,375.4,447.2,487.2,303,290.4,358,314.4,,281.4,486.54
2020-07-30,351.6,667.6,317.8,375.4,425,321.6,281.4,489.4,308.6,480.6,246,263.2,295,366.5,321.1,374.6,436.8,506.8,424.2,379.5,378.1,361.6,392.6,375.6,447.2,487.2,306,290.6,358,314.8,,290.6,486.54
2020-07-31,351.8,667.6,317.8,375.6,426.8,324.6,281.4,489.8,308.6,480.6,246,263.2,296.4,366.5,321.3,382,436.8,506.8,424.4,399.3,380.5,361.6,399,377.2,447.2,487.2,308.4,290.6,358.2,315.8,,290.6,486.54
2020-08-01,352.2,667.6,318.4,375.6,432.4,327,281.6,491.6,308.6,480.6,246.2,263.2,296.4,366.5,321.3,421.6,438,510,424.4,401.3,380.5,361.6,399.6,381,447.2,487.2,308.4,292.8,365.8,315.8,,292.8,486.54
2020-08-02,372.2,667.6,318.6,375.6,443.8,327,284.2,491.6,310.4,480.6,246.2,264,296.6,366.5,321.3,423.2,440,510.4,424.4,401.3,380.5,364.6,399.6,381,447.2,501,317.4,292.8,368.6,315.8,,292.8,490.5
2020-08-03,372.2,667.6,318.8,378.2,446.2,327,284.8,491.8,310.4,480.8,246.2,264,296.6,366.5,321.3,423.2,440,510.6,425,401.3,380.7,364.6,399.6,384.2,447.2,504.2,319.2,292.8,368.6,315.8,,292.8,490.7
2020-08-04,372.2,667.6,319.4,378.2,450.2,327,284.8,491.8,310.6,482.4,246.2,264.2,296.6,366.5,324.3,423.6,440,510.6,425.2,401.3,380.7,364.8,400,406.6,447.2,504.8,320,293.2,368.8,315.8,,293.2,490.86
2020-08-05,372.2,667.6,319.8,378.2,450.2,327.2,286.2,493,311,482.4,246.2,264.2,296.6,366.5,324.5,426.4,440.4,511.8,428.8,401.3,380.9,369.6,400,411.2,447.2,505.2,320.4,293.4,368.8,316.4,,293.4,491.94
2020-08-06,372.2,667.6,319.8,378.2,450.2,327.6,287,493,311,482.4,246.2,264.4,296.6,375.3,326.7,426.6,440.6,512,432.6,401.3,380.9,372.4,402.4,419.4,447.2,505.4,320.4,293.4,368.8,321,,293.4,491.94
2020-08-07,372.8,667.6,319.8,378.2,450.2,327.6,287.2,493,311,482.4,246.2,274.4,296.6,385.9,326.7,426.8,440.6,531.8,433.4,401.5,380.9,374.6,409.8,420.4,447.2,506.8,320.4,293.4,370.4,331.2,,293.4,491.9503907
2020-08-08,373,668.2,319.8,378.2,450.4,327.6,287.2,493,311,482.4,246.2,274.8,300.2,388.3,326.7,427.2,440.6,534.6,433.8,403.1,380.9,378,412.4,420.4,447.2,507,320.4,293.6,370.6,331.8,,293.6,492.0256915
2020-08-09,373,668.4,321,380.6,450.4,327.6,287.2,493,311,482.4,246.2,276.4,301,388.3,326.7,435.6,440.6,534.6,433.8,403.5,380.9,378,414.4,420.6,449,507.6,322.4,293.6,370.8,332,,293.6,492.1045705
2020-08-10,373.6,668.4,321,381,450.6,327.6,287.4,493,314.6,482.4,252.2,276.4,301,388.9,326.7,437.2,440.6,534.6,434.2,403.5,380.9,378,414.6,420.6,450.8,507.6,324.8,293.6,377.4,333.2,,293.6,492.1393726
2020-08-11,374,668.4,321,383.2,450.6,327.6,287.4,493,315,482.4,253.2,278.8,301.2,390.9,327.7,437.4,445.8,534.6,435.4,403.5,385.1,383,414.6,420.6,451,507.6,324.8,293.6,377.4,333.4,,293.6,492.2126961
2020-08-12,374,668.4,321,387.8,454,327.6,287.4,493.2,315,490.4,253.2,279.6,301.2,391.1,329.5,438.4,448.8,536,435.6,403.7,386.9,383.4,414.8,420.8,451,507.8,324.8,296.2,381.6,333.6,,296.2,492.92
2020-08-13,374,668.4,322.2,388,455,327.6,287.4,493.2,320.8,494.4,253.2,289.6,301.2,405.1,331.7,444.8,449,543.2,435.8,425.1,389.5,386.8,414.8,420.8,456.4,508,327.6,298.4,383,333.6,,298.4,494.28
2020-08-14,377.8,668.4,323.2,388.6,455,327.6,287.4,497,321.4,494.4,253.2,289.8,301.4,406.9,332.1,445,449,543.2,441.2,439.9,389.5,394,414.8,420.8,457.4,509.6,327.6,301.8,383,333.6,,301.4,496.74
2020-08-15,378,670.4,323.4,393.2,455,329.2,288.6,497,321.4,494.4,253.8,291,301.4,406.9,332.1,445,450.2,543.2,452,447.3,389.5,394,432.2,420.8,457.4,509.8,327.6,301.8,383,333.6,,301.4,496.74
2020-08-16,378.2,670.4,327.2,395.6,455,329.2,294.6,497,321.4,494.4,257,292.8,301.4,407.1,332.1,445.8,450.4,543.2,461.6,450.5,394.3,394,432.2,420.8,457.4,511.4,330.2,301.8,383,333.6,,301.4,496.777102
2020-08-17,378.4,674.2,330.6,398.8,455,330.4,296.2,497,321.4,499,257.2,296,301.4,407.1,333.3,447.6,450.6,543.8,467.2,450.7,394.7,394.2,432.4,420.8,457.4,512.6,331,301.8,388.6,333.6,,301.4,498.8
2020-08-18,379.4,674.2,334.6,398.8,455,330.8,296.2,519.6,321.4,507.6,257.2,298,301.4,407.1,333.3,451.8,450.6,545,467.8,450.7,394.7,394.2,433.2,421,457.4,512.6,331,301.8,388.6,337,,301.4,512.1
2020-08-19,379.6,674.2,335.4,399,456.2,332.6,296.2,575.6,321.4,507.6,267,298.2,301.4,407.1,333.3,457.6,450.8,545,467.8,450.7,394.7,394.2,433.4,421,462.8,512.8,331,301.8,391.2,339.4,,301.4,512.28
2020-08-20,379.8,674.2,335.4,399,458.2,336.2,296.6,580.4,321.4,507.6,270.4,298.2,301.4,407.7,333.3,457.6,451,545,468,450.9,394.7,395.4,433.4,421,470.2,512.8,332.4,302.2,391.8,339.4,,301.4,512.28
2020-08-21,379.8,674.2,335.4,399,462.4,336.2,302,580.8,321.4,507.6,272,298.2,301.4,409.1,334.7,457.6,451,545.2,468,451.1,394.7,396.6,433.4,421,470.2,512.8,336.8,302.2,391.8,339.4,,302,512.28
2020-08-22,379.8,674.2,335.4,402.2,462.6,336.2,306.4,582,324.2,507.6,272,298.2,301.4,413.3,334.7,457.6,451,545.2,468,454.7,394.7,396.6,433.6,421,470.2,513,337,302.2,391.8,339.4,,302.2,512.46
2020-08-23,379.8,674.2,335.6,402.2,462.6,336.2,306.4,582.6,324.2,507.6,272.2,301.8,301.6,413.3,334.7,459.2,451,545.2,468,454.7,394.7,396.6,433.6,421.6,470.4,513.6,337.4,302.2,391.8,339.8,,302.2,513
2020-08-24,379.8,674.2,338.4,402.2,462.8,336.2,308.8,582.6,328.2,509.6,272.2,304.2,302.1,413.3,334.7,459.2,451,545.2,469,454.7,394.9,396.6,449.6,421.6,470.4,515.6,337.4,303.4,391.8,339.8,,304.2,515
2020-08-25,379.8,676,338.4,402.2,462.8,336.2,309,582.6,333,517,272.2,306.4,302.1,413.3,334.7,460.2,453.4,545.2,469.2,454.9,395.5,396.6,449.6,421.6,470.4,515.6,338.6,304.8,391.8,339.8,,306.4,516.86
2020-08-26,390.8,676,338.6,403,462.8,336.4,309,583.2,334,523,272.8,306.4,305.9,415.7,334.7,460.4,453.4,545.2,469.2,454.9,395.5,396.6,449.6,421.6,470.4,515.8,340.2,305.6,392.4,340,,306.4,522.28
2020-08-27,392.8,676,339.4,403,465.6,336.4,310,588.8,334,523,279,310.8,305.9,415.7,334.7,460.4,453.6,545.2,469.2,454.9,395.5,396.6,449.8,430.2,470.4,515.8,340.2,306.8,392.4,341.2,,310,522.28
2020-08-28,393,676,340,403.2,465.6,336.4,310.4,589.4,335.8,523,279.4,314.8,306.1,415.7,335.5,460.4,455,545.2,469.2,454.9,395.9,396.6,452,430.2,470.4,515.8,340.2,307.8,392.4,341.2,,310.4,522.28
2020-08-29,393.2,676,341,410.8,465.6,342.8,310.4,594.4,335.8,523,279.4,317,306.1,415.7,337.7,461,455,564.2,469.2,454.9,396.1,396.6,453.8,430.2,470.4,517.6,343,309.6,393.6,341.6,,310.4,522.46
2020-08-30,393.2,678.6,341.2,413,465.6,342.8,312.8,595.4,336.2,523.4,279.4,317.2,306.1,415.7,342.5,461,455,567.8,469.4,454.9,396.1,396.8,454.2,430.2,471.4,517.8,343,309.6,393.6,341.6,,312.8,522.84
2020-08-31,393.2,679.2,342.6,413,465.6,342.8,312.8,596,336.2,523.4,279.4,317.2,306.1,415.7,342.5,461,455,567.8,472,454.9,396.1,396.8,454.4,430.2,474.4,518,343,309.6,393.6,341.6,,312.8,522.86
2020-09-01,393.2,680.2,346.4,413,467.4,342.8,313,596.2,336.2,524.2,283.4,317.4,307.9,415.7,342.5,461,455.6,567.8,472.2,454.9,396.1,396.8,457.6,430.2,477.4,518,343,318.2,393.8,342.2,,317.4,523.58
2020-09-02,393.2,680.2,346.4,413,470,345,313,596.2,336.2,524.2,283.4,318.2,307.9,415.7,342.5,461,462,568.4,472.6,454.9,396.3,396.8,460.4,430.2,478,522.2,343,319.2,393.8,342.4,,318.2,524
2020-09-03,397.2,680.2,346.4,413,470,349.6,313,596.2,336.2,524.2,284.6,331.2,307.9,415.7,352.5,461,462.2,569.8,472.6,456.1,400.9,396.8,462,436.4,478.2,522.2,343,319.2,393.8,344.4,,319.2,524
2020-09-04,401.2,680.2,346.4,413.6,471,352.4,313,596.2,336.2,524.2,287,331.2,309.9,415.7,356.9,466.2,462.2,569.8,472.6,459.5,407.7,396.8,462.2,436.4,478.2,522.6,346.8,319.2,393.8,345.6,,319.2,524.04
2020-09-05,401.8,680.2,346.4,413.6,471.4,357.8,313,596.2,336.6,524.8,287,332.2,311.1,415.7,356.9,467.2,462.2,573,472.6,461.1,407.7,396.8,463.8,443.6,478.2,522.6,347.4,319.6,393.8,348.6,,319.6,524.58
2020-09-06,402,680.8,373.2,413.8,471.4,357.8,330.6,596.2,336.6,524.8,287.6,332.4,311.1,415.7,356.9,467.2,462.2,586.6,472.6,461.1,407.7,396.8,465.2,443.8,479.2,522.6,349,319.6,393.8,348.6,,330.6,524.58
2020-09-07,402,682.6,373.6,414.8,471.4,358.2,351.6,596.8,338.6,525,287.6,332.4,311.1,417.5,356.9,467.2,462.2,586.6,472.6,463.9,412.9,397.2,465.4,447.2,479.4,522.6,350.2,319.6,396.2,349,,332.4,524.76
2020-09-08,402,690.2,374.8,414.8,471.4,361.2,354.2,596.8,339.2,526,292,332.4,311.1,419.1,357.5,467.4,462.2,586.6,473,463.9,414.1,397.2,465.4,455.8,480.2,522.6,351.4,319.6,398,349,,332.4,525.7089585
2020-09-09,402,690.6,374.8,415,471.4,361.2,354.2,614.2,340,526,299.2,332.4,311.1,419.5,357.5,468.2,462.2,586.6,473,463.9,414.1,397.2,465.4,456.6,482.4,522.6,351.4,319.6,409.4,349,,332.4,525.9273491
2020-09-10,402,691,374.8,415.8,483,361.4,354.4,646.2,340,526,299.2,332.4,311.1,419.9,357.5,486.4,462.2,586.6,473,463.9,423.1,397.2,467.2,456.8,491.2,522.6,352.4,322.8,410.2,349.6,,332.4,530.6766862
2020-09-11,402,691.4,374.8,415.8,490.6,361.4,354.6,648.8,340,526,299.2,332.4,311.1,419.9,357.5,486.4,462.2,589.2,476.2,470.1,424.9,397.2,468.8,457,492.6,522.6,352.6,327.2,410.2,349.6,,332.4,532.141045
2020-09-12,402,691.4,374.8,415.8,490.8,361.4,354.6,649,340,526.4,299.2,332.4,311.1,420.5,357.5,486.6,463.6,589.2,478.2,476.3,424.9,403,468.8,457,492.8,522.6,353.8,327.2,426.6,352.8,,332.4,533.2303379
2020-09-13,402.2,691.4,374.8,415.8,491.4,361.4,355.4,649,340,529.8,299.2,332.4,311.1,420.5,357.5,486.6,463.6,594.8,480,476.3,426.1,403.6,468.8,457.2,494,522.6,355.6,327.2,429.6,357.2,,332.4,534.5742438
2020-09-14,402.4,691.4,374.8,415.8,492,361.4,355.4,649,340,529.8,299.2,332.6,311.1,420.5,357.5,486.6,463.6,596.2,480.2,476.5,426.7,404.4,468.8,457.2,494.2,522.6,355.6,333,429.6,357.2,,333,534.755826
2020-09-15,404.4,691.4,376.8,415.8,492,362.6,355.4,649,340,529.8,299.2,333,311.5,420.5,357.5,486.6,463.6,596.2,483,476.7,426.7,411.2,468.8,457.2,494.2,522.6,355.6,333,429.6,357.8,,333,535.0627366
2020-09-16,404.4,691.4,377,415.8,495.6,365,355.4,649,340,529.8,299.2,334,313.5,421.3,357.5,486.6,463.6,596.2,484.6,477.3,426.7,418.4,468.8,459.6,494.2,527,357.4,337.6,431.2,357.8,,337.6,535.9122306
2020-09-17,404.8,694.4,377,415.8,495.6,365,355.4,649,344.2,529.8,299.2,334,316.7,423.1,357.5,486.6,463.6,596.4,484.8,478.3,426.7,418.8,468.8,459.6,503.2,544.8,357.8,337.6,431.2,357.8,,337.6,544.2013583
2020-09-18,405.8,701.6,377,415.8,495.6,365,355.4,649,344.2,529.8,299.8,334.6,321.9,423.1,357.5,486.6,463.6,599.8,484.8,479.3,426.7,419,473.4,459.8,520.6,544.8,357.8,342,431.2,357.8,,342,544.4482478
2020-09-19,405.8,704.6,377,415.8,495.8,365,355.6,649,344.2,534,299.8,337.1,325.1,424.7,357.5,487,463.6,599.8,486.6,479.3,431.5,422.4,475.8,459.8,520.6,544.8,357.8,342,431.4,359,,342,544.5631377
2020-09-20,405.8,721,377,415.8,495.8,367,359.8,649,347,541.8,300.8,338.6,325.1,424.7,357.5,487,463.6,606.8,486.6,482.1,432.3,424.8,475.8,459.8,520.6,544.8,357.8,342,431.6,365.6,,342,545.8858307
2020-09-21,405.8,721.6,377,415.8,499.2,367,359.8,649.2,348.6,542.6,300.8,338.6,327.5,424.7,357.5,487,464.6,610.8,486.6,482.9,432.5,432.6,475.8,459.8,520.6,544.8,357.8,342,436.2,365.6,,342,546.9063644
2020-09-22,406,723,380.8,415.8,500,367,359.8,649.2,348.8,543.2,301.8,341.4,327.9,424.7,375.7,487,467.4,619.8,488,482.9,432.5,433,475.8,459.8,520.6,544.8,357.8,342,436.2,365.8,,342,548.1997368
2020-09-23,416.8,724,380.8,415.8,501.2,367,359.8,649.2,350.2,543.2,301.8,341.4,327.9,427.5,377.1,487,469.2,621,488,482.9,434.1,433,475.8,459.8,520.6,551,357.8,342.2,436.2,366,,342.2,550.8531122
2020-09-24,442.6,725.4,408.2,415.8,501.2,367.4,359.8,649.8,350.4,545.4,301.8,346.2,329.1,427.5,377.1,488,474,621.4,490,482.9,434.1,433,475.8,459.8,520.6,554.4,357.8,342.2,436.2,366.4,,346.2,554.0560499
2020-09-25,443.4,725.4,412.8,415.8,501.4,369.8,359.8,652,350.4,546.6,304.4,349,329.1,433.5,378.7,488,474.2,622.4,493,482.9,434.1,434.8,476.4,459.8,520.6,557.6,362.2,343.2,437.8,366.4,,349,557.0533173
2020-09-26,449.2,725.4,414.8,416.4,501.4,375.6,361,654,350.4,546.6,304.4,349,329.1,433.5,378.7,488,474.2,622.6,493,482.9,437.7,434.8,476.8,459.8,520.6,557.8,366.8,344.4,439.4,366.6,,349,557.2857346
2020-09-27,451.4,725.4,431,421,501.4,375.6,361.4,654,353,547.6,304.4,349.2,330.9,433.5,378.7,492.8,475,622.6,493,487.5,437.9,434.8,476.8,459.8,520.6,557.8,366.8,344.8,439.4,366.6,,349.2,557.387739
2020-09-28,451.4,728,445.8,421.8,502,375.6,361.4,654,353,552.8,315.4,351.6,330.9,433.5,378.7,496.8,491.6,622.6,493,487.9,441.3,434.8,476.8,459.8,520.6,557.8,366.8,345.8,439.4,366.6,,351.6,557.5912615
2020-09-29,451.4,728.4,446.2,425.2,502.2,375.6,361.4,654.6,353,553.4,317.6,351.6,330.9,433.5,378.7,497,492.4,622.6,493,487.9,441.5,434.8,476.8,459.8,522.4,563.8,371.4,347.4,443.2,371.8,,351.6,563.086459
2020-09-30,451.4,728.6,446.2,427.2,502.2,375.6,364,654.6,353,553.4,323,357.4,330.9,433.5,379.5,502,492.6,625.4,493,487.9,441.5,434.8,476.8,459.8,522.4,564,376.6,347.6,443.2,372,,353,563.3215876
2020-10-01,451.4,729.8,446.2,427.2,502.2,376.2,364.2,659.6,353,553.8,323.4,364,332.1,433.5,381.5,504,492.6,625.6,493,487.9,441.5,434.8,477.2,459.8,523.2,566.4,377,347.6,443.2,372,,353,565.5886042
2020-10-02,451.4,729.8,446.2,427.2,502.2,377.4,364.2,659.6,353,561.4,323.8,365.2,332.1,433.5,407.9,504.6,494.8,625.6,493,487.9,445.1,438,477.8,459.8,523.4,566.8,380,347.6,443.2,372,,353,566.26
2020-10-03,451.4,729.8,448.2,443.6,502.2,378,364.2,671.2,353,569.8,328.6,365.4,332.1,433.5,407.9,504.6,501.2,625.6,493,487.9,445.1,444,477.8,459.8,523.6,566.8,380,347.6,443.2,372.4,,353,569.5
2020-10-04,451.4,729.8,459.6,450,502.2,382.8,365.8,671.4,353,570.8,330.2,365.4,337.7,433.5,407.9,505.8,501.2,625.6,493,487.9,449.1,445.4,480.6,459.8,523.6,574.2,380.8,348.2,443.2,375.6,,353,573.86
2020-10-05,451.4,729.8,459.6,450.2,502.2,387.4,366,673.4,353,571,331.6,370.8,339.1,433.5,410.3,506.8,501.2,625.6,493,487.9,449.1,447.2,480.6,464.8,523.6,574.2,380.8,349.4,443.2,378.6,,353,573.88
2020-10-06,451.4,729.8,459.6,450.2,503.4,387.4,366,684.2,359.8,571,331.6,373.8,341.5,433.5,411.3,506.8,501.2,625.6,493,487.9,450.7,447.2,480.6,469.8,523.6,574.2,380.8,352.6,443.4,384.8,,359.8,573.88
2020-10-07,462,729.8,464,452,506.8,388.4,366,691.8,360.4,571,331.6,373.8,343.5,433.9,411.7,506.8,503.2,625.6,493.4,487.9,450.7,447.2,485.2,471.6,523.6,575.6,380.8,352.6,443.4,385,,360.4,575.14
2020-10-08,462,729.8,474,456,506.8,396.4,366,691.8,361.2,571,331.6,373.8,344.3,438.7,411.7,515,508.8,633,493.4,487.9,452.9,448.8,485.6,473.8,523.6,575.8,381.2,357,445.6,385,,361.2,575.32
2020-10-09,462,729.8,476.2,457.2,509.8,398,366,697.6,370.4,571,340.2,373.8,344.7,439.9,411.7,515.8,511.2,634.4,493.4,487.9,452.9,448.8,485.6,473.8,523.6,575.8,387.2,357,459.2,385,,366,575.3306806
2020-10-10,463.6,729.8,476.4,457.2,509.8,398,366,697.8,372.8,571,341.2,376.2,344.9,443.5,414.5,515.8,511.2,641.6,493.8,487.9,454.3,452.6,485.6,473.8,524.8,582.2,402.6,357,459.2,385,,366,581.2501817
2020-10-11,465.4,729.8,482.8,463.6,509.8,398,366,697.8,374.2,571.6,341.2,376.6,344.9,443.5,420.9,515.8,511.2,641.6,493.8,487.9,463.3,460.8,485.6,473.8,525.8,585,425.2,357,488.8,386,,366,584.0286058
2020-10-12,465.4,731,484,464.6,512.8,398.4,367.6,722.8,374.2,573,341.2,376.6,348.3,443.5,420.9,515.8,511.2,641.6,495.6,487.9,469.1,460.8,501.2,487.2,525.8,586,427,357,498.6,386,,367.6,585.4473153
2020-10-13,466.6,731.6,484,494.6,512.8,398.4,368.4,723.2,374.2,574.6,342.6,377.2,348.3,443.7,425.1,515.8,511.2,641.6,497.2,487.9,469.1,460.8,501.2,489,526.6,587,427,357,500.4,386,,368.4,586.5084402
2020-10-14,467.6,732.6,485.4,504.2,514,405.8,371.4,723.2,374.4,574.6,342.6,377.6,348.3,443.7,429.1,515.8,515,641.6,499.8,487.9,471.9,461,501.2,495,530.2,587,427,357.2,500.4,386,,371.4,586.6566876
2020-10-15,468.4,733.2,486.4,504.4,514,409.4,371.4,723.2,383,574.6,342.6,377.6,348.5,446.5,430.7,516,515.2,641.6,500,487.9,472.9,461,501.2,495,531.2,587,427,360.6,500.4,386,,371.4,586.6843946
2020-10-16,468.4,733.2,487.6,505.2,514,409.4,371.6,732.4,383.2,574.8,342.6,377.6,348.5,447.5,436.9,516,515.2,641.6,500,487.9,472.9,461,523.8,495,532.4,587,427,360.6,500.4,393.8,,371.6,586.9238441
2020-10-17,468.4,733.2,487.6,505.2,520.8,409.4,371.6,732.6,383.8,579.6,342.6,385,348.5,447.5,445.5,516,519.2,645,522.4,487.9,473.5,471.8,525.4,495,532.6,588,427,366.6,501.2,399.6,,371.6,588.8401005
2020-10-18,469,735.8,490,505.4,530.8,410.4,371.6,733,383.8,580.6,342.6,385,348.5,447.5,445.5,518.6,519.2,647,574.6,487.9,479.3,471.8,528,495,532.6,588,430.4,366.6,504.8,400,,371.6,593.0227486
2020-10-19,473.4,736.4,490,505.4,533.4,419,373.6,733,399.6,580.8,342.6,385,351.9,447.5,445.5,518.8,519.6,649.4,574.6,487.9,479.3,471.8,530.2,495,532.6,588,433,370.4,505.2,400.2,,373.6,593.5192959
2020-10-20,474.2,738.8,500.6,505.4,538.4,423,373.6,733,401.8,580.8,342.6,385,352.9,447.5,448.3,519.2,520.6,652.8,577.4,487.9,479.3,473.8,530.2,502.8,532.6,588.2,433,376,505.2,401,,376,595.1852129
2020-10-21,474.2,739,500.6,511.4,538.4,429.4,374.2,733,401.8,580.8,342.6,385,353.3,449.3,450.9,519.4,521.4,654,577.8,487.9,484.9,473.8,539.4,506,534.2,588.2,433.2,376,505.2,401,,376,596.4249542
2020-10-22,474.2,739,500.6,538.2,538.4,429.8,375.4,733,401.8,580.8,342.6,385,353.3,449.3,453.9,519.4,522,654,577.8,487.9,484.9,473.8,539.4,506,535.6,588.2,437.6,376,505.2,401.2,,376,597.6735081
2020-10-23,474.8,739,501.6,540,538.4,432,387.4,733,408.2,585,356.8,385,353.3,454.9,454.9,519.4,522,654,577.8,487.9,495.5,477.4,540.2,506,537.8,590.6,439,376,505.2,406.6,,385,598.7617301
2020-10-24,474.8,739,501.6,540.6,538.4,432,387.4,737,408.4,585,360,385,353.3,457.3,464.1,519.4,522,654,579.4,487.9,495.5,479.2,540.2,506,538.6,598.6,446.8,376.2,505.4,410.8,,385,600.931874
2020-10-25,474.8,739,501.6,540.6,538.4,432,387.4,739.4,409.8,585,360,385.4,353.3,457.3,464.1,519.6,522.2,654,590.4,487.9,495.5,480.2,540.2,507.8,541,605.6,446.8,376.2,505.4,411,,385.4,605.3294726
2020-10-26,474.8,739,501.6,540.6,538.4,436.8,388,739.8,411.4,595.4,360,385.4,353.3,457.3,464.3,528.2,527.2,654,590.4,487.9,499.5,484.8,545.8,519.6,541,605.6,446.8,391.8,508,413,,388,605.5571576
2020-10-27,474.8,739,504.2,540.6,538.4,438.4,394.8,739.8,411.4,603.4,361.2,385.8,353.3,457.3,464.3,528.2,527.2,654.6,590.4,487.9,499.9,485,545.8,520,541,615.6,456.6,392.6,510,428,,392.6,614.7217641
2020-10-28,474.8,739,508.4,544.6,550.4,439.6,394.8,739.8,417.2,604.2,364.6,385.8,354.5,457.3,464.3,528.2,530.6,659.2,590.4,487.9,499.9,485,547.6,521.2,541,620.6,474.8,392.6,510,428.6,,392.6,619.4497102
2020-10-29,474.8,739.8,508.4,547.6,550.4,444,399.2,739.8,418,604.2,364.8,392,354.7,468.3,464.3,530,531,659.2,591,487.9,502.7,495,550,546.8,541,632,476.2,392.6,510,436.2,,392.6,630.0093229
2020-10-30,478.8,739.8,529.4,556,550.4,444,399.6,739.8,431.4,604.2,371.8,405.8,354.7,470.3,465.1,532.2,531.2,659.2,591,487.9,502.7,497.6,550,554.8,541,634.2,478.2,392.6,510,436.8,,399.6,632.166239
2020-10-31,486.6,739.8,533.6,557,559.6,444,399.6,739.8,435.8,604.2,378.2,406,354.7,470.3,465.1,532.2,532.2,659.2,591,487.9,504.9,499,550,555.2,541,636.2,481,392.6,510,437,,399.6,634.0612487
2020-11-01,487,739.8,533.6,568.8,559.8,444,403.8,739.8,438.8,606.2,378.2,406,354.7,470.3,465.1,532.2,535,659.2,595.6,487.9,504.9,499,550,555.2,541,636.2,481,392.6,510.4,437,,403.8,634.1751098
2020-11-02,487,740.8,533.6,569.2,560,444,403.8,740.4,439,607.4,378.4,406,354.7,470.3,465.1,532.6,535,659.2,599.2,487.9,504.9,506,550,557.8,541,637.6,481,392.6,510.6,441.6,,403.8,635.5354704
2020-11-03,487,740.8,533.8,576.4,561,444,403.8,741.6,444.6,607.4,379.4,406,356.3,470.3,465.9,532.6,535,660.4,599.4,487.9,504.9,507.8,553.2,557.8,541,639,481,392.6,510.6,442.8,,403.8,636.8961772
2020-11-04,487,740.8,541,576.4,563.4,444.2,404,741.6,444.6,607.4,379.6,406,360.1,470.3,468.3,532.6,535.6,666,603.8,487.9,504.9,511.6,553.2,558.4,541,640.2,481,392.6,510.6,442.8,,404,638.1140666
2020-11-05,487.8,740.8,543.2,576.4,563.4,444.2,404.6,741.6,444.6,613.8,379.6,406,360.1,471.7,470.9,537.2,536.4,668.4,603.8,487.9,504.9,511.8,553.2,559.6,546.6,640.2,492,392.6,510.6,443,,404.6,638.26817
2020-11-06,487.8,740.8,543.2,581,563.4,444.2,406.4,741.6,444.6,618.6,382,406,360.1,471.7,470.9,544.2,536.4,668.4,604.6,487.9,504.9,511.8,553.2,559.6,546.6,640.2,492,424.6,510.6,443,,406.4,638.3305481
2020-11-07,487.8,740.8,543.2,582.8,567.4,444.2,406.6,751,444.6,621.2,388.6,406,360.1,475.1,470.9,546.8,536.4,668.4,605.4,487.9,504.9,511.8,556.2,576,565.4,656,492.2,424.6,510.6,443.4,,406.6,653.0219616
2020-11-08,487.8,752,545.8,584,568.4,444.2,407.2,753,446.2,624,388.6,406,360.1,479.5,470.9,548,536.4,668.4,605.6,487.9,504.9,511.8,560.4,576.6,566,677,492.2,428,510.6,443.4,,407.2,664.5857025
2020-11-09,487.8,754.2,546.4,588.8,576.6,444.2,407.6,753,449.2,631.8,388.6,406.2,360.1,479.5,470.9,548,536.4,668.4,611.8,487.9,504.9,511.8,560.4,579,566.2,680,498.6,428.2,510.6,443.4,,407.6,664.8265871
2020-11-10,487.8,759,546.6,591.4,577.4,444.2,411.6,753,449.2,634,388.6,406.4,360.1,479.5,470.9,548.2,537.8,668.4,611.8,487.9,507.7,511.8,560.4,579,566.4,680,505,429.2,510.6,443.4,,411.6,664.96
2020-11-11,487.8,759,552.8,591.4,577.4,444.2,413,753,449.2,641,389.6,406.4,361.7,480.5,470.9,548.2,538.2,673.2,628.2,487.9,507.7,513,562.4,579,566.4,683.4,505,429.2,511,443.4,,413,669.98
2020-11-12,497.8,761.4,553,603.4,583,446.6,415.4,753,449.2,641.4,394.2,406.4,365.3,480.7,476.7,548.2,542.8,673.2,628.6,487.9,507.7,521.6,562.6,580.8,566.8,685.8,505,429.2,513.6,443.4,,415.4,670.02
2020-11-13,497.8,761.4,553,611.4,583,446.6,415.4,753,460.6,641.4,394.8,406.4,366.1,484.9,489.3,548.4,543.4,675.8,628.8,487.9,507.7,521.6,562.6,581.6,566.8,685.8,517,429.2,537.4,446,,415.4,672.36
2020-11-14,497.8,761.4,553,614.6,590.4,446.6,415.4,753,463.2,641.4,401.4,406.4,366.7,491.7,491.1,548.4,544.4,675.8,628.8,487.9,507.7,521.6,564.4,581.6,566.8,685.8,524.8,429.2,538.4,446,,415.4,672.3739045
2020-11-15,500,762.2,553,614.6,594.4,446.6,416.4,754,463.4,642,401.8,406.4,366.7,491.7,492.1,548.4,545.2,676.2,628.8,487.9,507.7,525.6,565.6,617.2,566.8,688.2,524.8,429.2,538.4,446.4,,416.4,673.0185436
2020-11-16,500,762.2,553,616.4,594.4,446.6,429.4,754.4,465.2,651.6,403.6,422.4,366.9,493.7,492.1,548.4,549,681,629,487.9,507.7,525.6,566.2,625.2,568,711,545.4,431.6,538.6,452.4,,429.4,678.06
2020-11-17,500.8,762.2,553,622.6,594.4,446.6,450.6,754.8,468,661.8,405.2,422.4,367.1,496.5,492.1,557.2,549,682.2,634,487.9,507.7,526.4,566.8,652.2,568.2,721.8,558.8,436.4,540.8,452.8,,436.4,680.16
2020-11-18,501.2,764.8,553,630.2,594.4,447.8,453,763.6,470.8,661.8,405.2,424.2,367.1,498.7,492.1,558,549,687.8,635.8,487.9,507.7,528.8,566.8,655.4,568.2,728.6,559.8,436.4,540.8,453,,436.4,685.2
2020-11-19,527,771.4,553.2,635.6,594.4,452.8,454.4,782.2,472,661.8,405.2,424.2,367.3,498.9,492.1,558.2,549.8,703.6,641.2,487.9,507.7,531.2,567.6,655.4,568.2,756.4,569,439.4,540.8,453.8,,439.4,699.7469283
2020-11-20,554,772.8,554.4,641.8,595.2,452.8,457.4,784.4,472,662,405.2,424.2,373.5,498.9,492.1,559,549.8,705.6,674,487.9,509.7,531.2,570,655.4,568.2,792.4,570,439.4,542.4,454.6,,439.4,702.44
2020-11-21,557.6,791.6,554.4,642.4,599,452.8,457.6,785.6,472,666,426.4,428,381.7,498.9,492.1,559,550,707.2,678,487.9,510.7,534.8,577.2,655.4,568.2,792.4,570,439.6,552.4,455,,439.6,704.28
2020-11-22,557.6,791.6,554.4,642.4,599,453.4,457.6,792.2,476.6,666,426.6,428.2,381.7,498.9,492.1,559,550,707.2,678,487.9,510.7,549.6,577.2,655.4,568.2,792.4,570,441.4,553.8,457.6,,441.4,704.28
2020-11-23,557.6,794,554.4,642.4,599,453.6,460.2,795.4,476.8,666,426.8,428.2,383.1,498.9,492.1,559,550,707.2,681,487.9,510.7,550.2,577.2,655.4,568.2,792.4,570.2,442.2,553.8,458,,442.2,704.58
2020-11-24,557.6,794.4,554.8,642.4,614.6,453.6,464.4,795.4,477.8,666,427.4,437.2,383.7,501.5,492.1,559,550,707.2,681,487.9,515.3,550.2,577.2,673,568.2,792.4,570.2,442.2,553.8,458,,442.2,704.58
2020-11-25,558,794.4,569,643.6,614.6,454,464.4,798.8,477.8,666,428,438.8,383.9,501.7,492.1,559,553.2,708.2,683.6,487.9,515.3,554.2,577.2,676.2,568.2,792.4,570.2,442.8,553.8,458.2,,442.8,705.74
2020-11-26,558,794.4,578.2,643.6,614.6,454.8,464.4,798.8,477.8,666.4,428.2,443,383.9,506.3,492.1,563,553.2,708.2,683.6,487.9,515.5,554.2,579,676.6,568.2,792.4,570.2,442.8,566.8,460.8,,443,705.74
2020-11-27,558,794.4,578.4,650.6,618.4,454.8,466,798.8,479.8,669,430.2,445.2,383.9,506.7,492.1,563,554.4,708.2,683.6,487.9,515.5,554.2,584.8,676.6,568.2,792.4,570.8,445.4,566.8,460.8,,445.4,705.74
2020-11-28,564,798.4,578.4,650.8,630.2,454.8,466,815.4,485,669,430.2,445.2,383.9,506.7,492.1,563,554.4,708.2,686.2,487.9,515.5,554.2,585,678,568.2,792.4,570.8,445.6,566.8,461.6,,445.6,706.000529
2020-11-29,566.8,798.4,580.4,652,630.2,454.8,467.2,823.8,485.4,669,430.2,460.8,383.9,523.3,492.7,563,554.4,708.2,686.2,487.9,515.5,556.2,585,678,568.2,792.4,570.8,451.2,566.8,467.2,,454.8,706.1390443
2020-11-30,568.6,798.8,580.4,654.8,631.8,454.8,467.2,823.8,485.4,669,430.2,464.8,383.9,525.3,492.7,563,554.4,708.4,686.2,487.9,517.7,560.2,585,678,568.2,792.4,570.8,456.2,567,467.2,,456.2,706.3688816
2020-12-01,568.6,810.6,580.4,654.8,632.4,462.8,468,823.8,485.4,669,430.2,470.2,383.9,525.3,493.7,563,554.6,708.4,686.2,487.9,517.7,563.2,585,678,569.4,792.4,570.8,459.8,567,467.2,,462.8,706.5113222
2020-12-02,580.6,810.8,580.4,665.8,636.8,463,470,826.8,489.4,669,430.2,473.4,384.1,525.9,493.7,565.8,554.6,708.4,686.2,487.9,517.7,563.2,585,678,569.4,792.4,570.8,459.8,568,470.6,,463,706.6544726
2020-12-03,585.8,811.4,580.6,673.8,639.2,463,470.6,836.8,497.6,669,430.2,474.8,384.9,530.5,493.7,577,554.6,708.4,686.2,487.9,517.7,563.2,597,678,569.4,792.6,587.2,459.8,588,470.8,,463,707.0638259
2020-12-04,585.8,812.2,580.6,677.8,639.2,463,471.4,836.8,499,669,430.2,475.4,386.1,530.9,493.7,577,554.6,708.4,686.2,487.9,517.7,568.6,597,686.4,569.4,817.6,587.6,459.8,588,472,,463,707.4284134
2020-12-05,588.4,812.2,586,682,642,481.8,471.4,836.8,504.4,669,430.2,476.2,402.3,534.1,493.7,577,554.8,716.4,686.2,487.9,517.7,568.6,601.2,686.4,569.4,820.2,587.6,460.8,602,476.6,,471.4,714.8235228
2020-12-06,588.4,812.2,586,686.4,642.4,484.8,471.4,836.8,515,669,430.2,476.8,402.3,534.1,493.7,577,559.2,716.6,689.6,487.9,517.7,569,601.2,686.4,569.4,820.2,587.8,463.8,604.2,477.6,,471.4,715.0930203
2020-12-07,593.2,812.2,586,686.4,642.4,485.4,471.4,837.2,522.6,693.4,430.2,477,402.3,550.1,493.7,577,559.2,716.6,689.6,487.9,520.9,569,601.4,689.8,569.4,820.4,587.8,463.8,604.2,477.6,,471.4,715.3268148
2020-12-08,593.4,812.6,588.6,686.4,642.4,489.4,471.4,837.2,529,693.6,430.2,477.4,407.1,555.7,493.7,580.4,564.8,716.6,689.6,487.9,522.1,569,601.4,690.4,569.6,821.6,606,463.8,604.2,478,,471.4,715.4676713
2020-12-09,593.4,812.8,588.6,686.4,646.4,493.8,471.4,837.2,529,693.6,430.2,477.8,415.5,556.9,493.7,604.6,568.4,716.6,689.6,487.9,522.1,572.2,601.4,690.8,570.4,821.6,606.2,463.8,605.2,478.2,,471.4,715.5917582
2020-12-10,593.4,812.8,588.6,686.4,654.6,493.8,473.4,837.2,534.2,696.6,430.2,481.4,415.7,556.9,493.7,605,568.4,719.4,689.6,487.9,522.1,572.2,601.4,690.8,570.4,821.6,608,463.8,606.6,492.8,,473.4,718.219504
2020-12-11,593.4,812.8,589.8,686.4,654.6,493.8,474.2,837.2,535.2,697.6,430.2,485,415.7,556.9,495.9,605,570.6,719.4,689.6,487.9,522.7,573.6,601.4,701.6,582.2,821.6,608,481,609,492.8,,481,718.3536358
2020-12-12,593.8,812.8,605.2,686.6,654.8,498.6,481.8,837.2,535.2,706,430.2,485.4,415.7,558.5,514.4,611.6,571.2,719.8,689.6,487.9,528.7,573.6,603.4,701.8,586,821.6,608,482.2,609,492.8,,482.2,718.8998041
2020-12-13,598.8,812.8,616.4,686.6,655.6,501.2,504.6,837.4,535.2,708.6,431,490.4,415.7,558.5,515.4,616,572.2,747.6,689.6,487.9,528.7,573.6,604.4,702.8,586,821.6,608.4,482.2,609,492.8,,487.9,744.2363702
2020-12-14,613.6,814.6,616.4,686.6,655.6,501.2,505,837.4,535.2,709.4,431.2,494.2,415.7,558.5,515.6,616,573.4,747.6,690.4,487.9,528.7,573.6,604.4,702.8,586,821.6,608.4,482.2,609,492.8,,487.9,744.2685387
2020-12-15,613.6,814.8,616.4,688.6,661.8,501.2,506.4,837.4,535.6,709.4,431.2,494.2,415.7,558.5,515.6,616,573.4,747.6,692.4,487.9,541.5,573.6,605.2,702.8,586,821.6,626.2,482.2,617.6,492.8,,487.9,744.4533197
2020-12-16,616,814.8,617,692.6,671.2,501.2,506.6,838,537.4,709.8,431.2,497.6,418.7,560.3,516.8,617.6,573.4,747.6,692.6,487.9,549.9,573.6,615,702.8,586,821.6,630.8,482.2,624.6,504.4,,487.9,744.6480309
2020-12-17,620.4,814.8,620.4,692.6,671.2,501.2,506.6,838,537.4,709.8,431.2,497.6,418.7,560.3,532,621.2,573.4,748.4,692.8,487.9,550.1,573.6,615,702.8,594.2,821.6,645,485.4,626.6,505,,487.9,745.5121938
2020-12-18,625.4,814.8,621.6,693.2,672.4,504.2,511.8,838,537.4,709.8,432.2,498.6,418.7,560.3,532,621.2,574.8,748.4,693,487.9,553.7,573.6,616,702.8,594.4,835.2,648,485.4,626.6,506.8,,487.9,745.6990652
2020-12-19,625.4,820,621.6,693.4,672.4,521.4,520.2,838,537.4,709.8,432.2,505,421.1,567.5,533.2,621.2,575.8,748.4,693,487.9,553.7,574.6,616,712,595.6,835.2,664.6,485.6,626.6,510,,487.9,745.9264305
2020-12-20,628.4,831.2,621.6,697,679.4,527,521,838,537.4,709.8,432.2,506.2,425.1,572.9,533.4,621.2,577.4,748.4,693,487.9,562.5,575.4,616.6,712,596,835.2,669.2,489.4,626.8,511,,489.4,746.1554682
2020-12-21,646.6,834.8,621.6,715.6,679.4,527,522.6,838,537.4,709.8,432.2,516.4,432.5,575.1,533.4,622.4,577.4,748.4,693,487.9,570.9,575.4,619.4,712,598,835.2,670.4,489.4,626.8,511,,489.4,746.3455668
2020-12-22,663.8,844.6,623.2,717.4,679.6,531.6,523.2,840.4,537.4,710.2,432.2,533.2,446.5,575.7,533.4,622.4,577.4,748.8,693,487.9,571.3,575.4,619.4,712,598,839.8,670.8,492,629.2,511,,492,746.9030772
2020-12-23,663.8,844.8,623.6,717.4,686.4,531.6,524,842,537.4,711.2,434,534.4,456.5,575.7,533.4,622.4,577.6,749.6,693,487.9,580.9,575.4,619.4,714.8,598,839.8,678.2,492,629.4,514.4,,492,747.752173
2020-12-24,663.8,847,641,719.6,686.4,531.6,525.2,843.2,537.6,711.2,437.4,538,457.5,575.7,539.6,622.4,578,752,693,487.9,587.3,575.4,619.4,714.8,598,839.8,678.2,495.2,629.4,520,,495.2,750.0628146
2020-12-25,663.8,847.2,641,719.6,686.4,531.6,525.2,848.2,539.4,711.4,438.4,538,465.5,583.5,556.1,624.2,578,752,693,487.9,599.5,575.4,619.4,714.8,605.8,839.8,678.2,495.6,629.4,521,,495.6,750.1998905
2020-12-26,663.8,847.2,641,719.6,686.4,531.6,525.8,848.2,543.4,714,440.6,539.2,470.7,601.9,561.1,624.2,588.4,752,693,487.9,601.9,575.4,619.4,714.8,609.2,839.8,687.2,502.2,634,521,,502.2,750.3595705
2020-12-27,663.8,847.4,645.4,719.6,696,531.6,525.8,849.8,548.2,714.6,444.8,543.2,470.7,609.5,564.9,624.2,588.4,804.4,693,487.9,601.9,576.8,619.4,714.8,609.2,839.8,701.4,502.4,649.6,521,,502.4,798.2118361
2020-12-28,665.2,847.6,645.4,719.6,703.6,531.6,525.8,859.6,554.6,714.6,470.2,543.2,470.7,609.5,564.9,624.2,588.4,815.2,693,487.9,601.9,576.8,619.4,714.8,609.2,839.8,701.4,502.4,650.4,521,,502.4,808.1370221
2020-12-29,665.8,857.6,645.4,719.6,707.6,531.6,525.8,867.8,554.6,714.6,471,543.2,471.5,630.3,565.5,624.2,591.2,815.2,697.4,487.9,601.9,576.8,620,714.8,609.2,839.8,701.8,502.4,650.6,523.2,,502.4,808.4479743
2020-12-30,670.4,858,645.4,719.6,710.8,531.6,525.8,882.8,554.6,714.6,471,543.2,474.3,631.9,568.1,624.2,599.6,815.8,697.4,487.9,612.7,576.8,623,714.8,610.4,839.8,701.8,502.4,652.2,523.2,,502.4,809.2507068
2020-12-31,670.4,858,645.4,724.4,710.8,531.6,525.8,892.2,554.6,714.6,471,558.4,474.3,631.9,568.1,624.2,599.6,815.8,697.4,487.9,612.7,576.8,623,714.8,610.4,839.8,701.8,503,652.2,523.2,,503,809.3979657