Station,Day(Local_Date),WDir(Deg),WSpd(m/s),GustDir(Deg),GustSpd(m/s),WindRun(Km),Rain(mm),Tdry(C),TWet(C),RH(%),Tmax(C),Tmin(C),Tgmin(C),ET05(C),ET10(C),ET20(C),ET30(C),ET100(C),Pmsl(hPa),Pstn(hPa),Sun(Hrs),Rad(MJ/m2)
Auckland Aero,20220101:0000,220,7.0,218,13.9,452,0.0,19.5,16.3,70.4,23.9,16.4,13.9,21.2,21.8,-,-,-,1018.2,1017.3,-,31.12
Auckland Aero,20220102:0000,57,3.6,61,11.8,405,0.0,22.2,17.9,63.7,27.9,15.7,11.1,21.5,22.0,-,-,-,1020.6,1019.7,-,32.68
Auckland Aero,20220103:0000,138,2.6,219,9.8,332,0.0,20.3,17.4,73.9,26.8,14.9,10.2,21.9,22.5,-,-,-,1019.8,1018.9,-,32.41
Auckland Aero,20220104:0000,132,1.2,237,8.8,306,0.0,21.7,19.5,80.4,27.9,17.3,13.6,23.0,23.3,-,-,-,1012.5,1011.7,-,32.36
Auckland Aero,20220105:0000,197,2.3,244,10.3,508,0.0,21.2,18.8,78.4,25.1,17.8,14.5,23.3,23.8,-,-,-,1011.5,1010.7,-,29.28
Auckland Aero,20220106:0000,231,4.8,226,10.8,365,0.0,20.7,17.9,74.5,25.3,19.4,18.5,22.8,23.6,-,-,-,1011.2,1010.3,-,27.46
Auckland Aero,20220107:0000,113,2.8,4,10.3,277,0.0,20.4,18.3,80.3,25.1,18.2,16.0,23.2,23.7,-,-,-,1016.4,1015.5,-,17.33
Auckland Aero,20220108:0000,107,1.8,222,8.2,248,0.0,21.6,18.2,70.5,26.6,16.5,12.2,22.4,23.0,-,-,-,1021.3,1020.4,-,28.28
Auckland Aero,20220109:0000,248,1.6,253,10.3,379,0.0,22.5,19.6,75.1,27.7,17.6,13.4,23.0,23.4,-,-,-,1022.8,1021.9,-,30.82
Auckland Aero,20220110:0000,259,4.3,266,9.3,384,0.0,21.6,19.1,77.9,26.8,18.4,15.1,23.0,23.8,-,-,-,1022.4,1021.5,-,24.88
Auckland Aero,20220111:0000,242,3.8,229,9.8,415,0.4,22.7,19.8,74.9,26.9,18.6,16.8,23.2,23.8,-,-,-,1021.3,1020.4,-,31.53
Auckland Aero,20220112:0000,228,3.6,225,10.8,502,0.2,21.2,18.3,74.6,25.2,19.1,16.9,23.6,24.2,-,-,-,1018.7,1017.8,-,29.47
Auckland Aero,20220113:0000,172,4.2,69,13.4,470,0.0,20.1,16.0,62.9,27.5,17.1,14.9,22.5,23.3,-,-,-,1016.2,1015.3,-,24.27
Auckland Aero,20220114:0000,115,4.3,43,9.8,363,0.0,18.5,14.1,58.9,26.0,15.3,13.0,21.7,22.7,-,-,-,1019.0,1018.1,-,27.82
Auckland Aero,20220115:0000,138,5.1,65,9.3,368,0.0,19.9,15.1,57.3,26.0,15.3,13.3,22.3,22.9,-,-,-,1018.5,1017.6,-,24.72
Auckland Aero,20220116:0000,133,5.8,223,10.8,367,0.0,18.9,14.7,61.4,27.4,15.0,12.2,21.6,22.6,-,-,-,1017.5,1016.6,-,30.48
Auckland Aero,20220117:0000,177,2.2,229,12.9,582,0.0,19.3,15.1,61.5,26.1,14.7,10.7,22.0,22.9,-,-,-,1012.7,1011.8,-,32.11
Auckland Aero,20220118:0000,226,4.3,269,10.8,411,0.0,21.2,17.9,71.2,25.7,19.2,18.6,23.5,23.7,-,-,-,1013.3,1012.4,-,29.26
Auckland Aero,20220119:0000,265,1.4,245,9.8,368,0.0,22.2,18.9,71.6,27.3,16.5,12.7,23.3,23.7,-,-,-,1014.2,1013.4,-,31.31
Auckland Aero,20220120:0000,310,4.4,245,13.9,515,0.2,22.1,18.8,71.9,25.0,18.1,15.9,23.4,24.0,-,-,-,1011.1,1010.3,-,13.38
Auckland Aero,20220121:0000,211,5.1,213,11.8,416,0.0,18.8,15.1,65.5,24.2,16.6,14.1,20.8,22.1,-,-,-,1016.2,1015.3,-,29.07
Auckland Aero,20220122:0000,42,0.7,336,10.8,265,0.0,20.4,17.5,73.6,27.4,15.0,9.6,21.3,22.2,-,-,-,1020.5,1019.6,-,28.75
Auckland Aero,20220123:0000,186,0.7,246,8.2,212,3.6,20.7,17.8,73.5,26.1,16.2,11.0,22.4,23.1,-,-,-,1017.6,1016.7,-,17.65
Auckland Aero,20220124:0000,118,0.9,52,9.8,379,3.0,19.1,18.3,92.2,21.9,18.6,17.8,22.6,23.3,-,-,-,1014.2,1013.3,-,7.47
Auckland Aero,20220125:0000,51,5.5,61,13.4,455,0.8,21.3,18.5,75.5,27.2,17.2,17.1,21.0,21.6,-,-,-,1010.9,1010.1,-,16.27
Auckland Aero,20220126:0000,329,2.6,244,8.2,421,0.4,22.2,19.8,79.2,28.5,18.3,16.5,21.9,22.3,-,-,-,1005.3,1004.5,-,23.92
Auckland Aero,20220127:0000,203,8.5,221,16.0,565,0.2,20.8,16.6,63.4,24.1,18.8,16.5,21.6,22.6,-,-,-,1010.4,1009.5,-,29.15
Auckland Aero,20220128:0000,116,4.7,82,10.3,279,0.0,18.6,13.4,52.5,27.3,16.7,12.1,20.8,21.8,-,-,-,1025.6,1024.7,-,30.65
Auckland Aero,20220129:0000,132,1.9,360,8.2,190,0.0,19.7,16.5,70.2,25.1,14.7,9.9,21.1,22.1,-,-,-,1029.2,1028.3,-,16.19
Auckland Aero,20220130:0000,327,0.8,237,9.3,285,0.0,20.0,17.2,73.9,26.3,15.1,9.7,20.7,21.7,-,-,-,1025.8,1024.9,-,28.56
Auckland Aero,20220131:0000,76,4.3,41,14.9,585,0.0,21.7,18.1,68.6,27.6,16.1,12.8,22.1,22.6,-,-,-,1021.4,1020.5,-,28.61
Auckland Aero,20220201:0000,54,7.2,53,14.9,656,0.0,22.4,18.6,67.5,26.8,19.8,18.4,23.2,23.4,-,-,-,1020.7,1019.8,-,20.10
Auckland Aero,20220202:0000,59,7.1,25,16.0,619,0.0,22.4,19.5,74.8,27.9,20.5,19.6,23.1,23.3,-,-,-,1018.8,1017.9,-,21.70
Auckland Aero,20220203:0000,43,5.8,41,13.9,540,0.0,22.3,19.8,78.5,27.5,20.9,19.7,23.4,23.5,-,-,-,1016.1,1015.2,-,17.85
Auckland Aero,20220204:0000,28,6.3,24,14.4,673,0.0,22.6,19.5,73.5,27.9,20.2,18.7,23.1,23.2,-,-,-,1011.8,1011.0,-,27.23
Auckland Aero,20220205:0000,31,7.6,35,15.4,743,6.4,24.1,21.4,77.5,26.5,21.7,21.1,24.2,24.2,-,-,-,1007.3,1006.5,-,13.91
Auckland Aero,20220206:0000,29,6.4,40,12.9,396,49.4,21.8,21.3,95.8,25.1,21.7,21.2,23.2,23.6,-,-,-,1008.3,1007.5,-,8.66
Auckland Aero,20220207:0000,136,2.1,112,9.8,273,0.6,19.4,18.6,92.0,24.3,18.0,18.0,20.8,21.5,-,-,-,1011.1,1010.2,-,8.88
Auckland Aero,20220208:0000,102,2.8,62,11.3,441,0.2,22.3,21.8,95.7,29.4,19.3,20.7,22.8,22.8,-,-,-,1013.3,1012.5,-,19.07
Auckland Aero,20220209:0000,62,4.7,63,12.4,505,0.2,24.0,21.4,78.3,28.8,22.3,22.2,23.3,23.4,-,-,-,1016.0,1015.2,-,19.37
Auckland Aero,20220210:0000,45,5.2,32,12.4,519,0.0,24.6,22.5,82.9,28.8,21.8,21.6,23.5,23.7,-,-,-,1014.2,1013.4,-,26.03
Auckland Aero,20220211:0000,65,4.6,7,11.8,513,1.4,23.8,21.9,84.3,27.0,22.2,21.4,23.6,23.8,-,-,-,1011.4,1010.6,-,8.25
Auckland Aero,20220212:0000,23,5.9,24,20.1,931,0.0,24.7,23.6,90.4,27.6,22.9,23.0,24.2,24.1,-,-,-,1005.9,1005.1,-,9.55
Auckland Aero,20220213:0000,313,12.9,269,29.9,695,3.8,21.4,20.1,87.9,22.4,21.4,21.2,22.3,23.2,-,-,-,992.0,991.2,-,15.07
Auckland Aero,20220214:0000,82,0.5,230,12.4,385,0.2,18.6,16.4,78.6,24.0,14.0,12.3,18.9,20.2,-,-,-,1019.8,1018.9,-,28.53
Auckland Aero,20220215:0000,158,2.5,223,9.8,370,0.0,15.8,12.8,68.9,23.6,12.0,9.6,18.1,19.9,-,-,-,1026.3,1025.4,-,28.40
Auckland Aero,20220216:0000,209,3.4,231,9.3,390,0.0,19.3,16.4,72.9,23.1,15.6,14.0,20.1,21.0,-,-,-,1021.8,1020.9,-,26.27
Auckland Aero,20220217:0000,68,1.7,188,7.2,199,0.0,18.8,15.7,70.9,23.5,14.4,12.4,20.0,21.0,-,-,-,1019.9,1019.0,-,18.09
Auckland Aero,20220218:0000,65,2.2,35,10.8,344,0.8,21.2,18.1,72.3,26.6,15.9,12.1,20.1,21.1,-,-,-,1020.8,1019.9,-,27.97
Auckland Aero,20220219:0000,116,1.9,22,6.7,200,0.2,18.3,17.4,90.5,25.4,17.0,14.2,21.0,21.9,-,-,-,1018.9,1018.0,-,12.71
Auckland Aero,20220220:0000,335,1.5,219,8.2,262,0.0,20.3,18.4,82.8,25.9,16.4,14.8,20.4,21.4,-,-,-,1016.7,1015.8,-,25.23
Auckland Aero,20220221:0000,113,1.2,36,8.2,273,0.0,19.1,17.3,82.8,28.1,16.1,13.1,20.6,21.8,-,-,-,1020.6,1019.7,-,20.77
Auckland Aero,20220222:0000,70,2.5,354,8.8,199,0.0,21.6,18.9,76.6,28.0,17.1,15.2,21.2,22.1,-,-,-,1022.9,1022.0,-,21.91
Auckland Aero,20220223:0000,152,1.4,225,9.3,332,0.0,19.7,18.5,88.7,28.8,17.5,14.6,21.7,22.6,-,-,-,1024.2,1023.3,-,25.20
Auckland Aero,20220224:0000,164,2.8,122,8.8,280,0.0,18.9,15.1,64.3,27.5,18.5,18.5,22.5,23.2,-,-,-,1024.8,1023.9,-,21.20
Auckland Aero,20220225:0000,144,2.4,219,9.3,224,0.0,17.2,14.2,70.5,26.2,15.8,13.1,21.3,22.6,-,-,-,1020.4,1019.5,-,25.45
Auckland Aero,20220226:0000,152,1.0,232,8.2,293,0.0,19.2,17.6,84.3,25.8,15.7,11.4,20.7,22.1,-,-,-,1017.8,1016.9,-,26.19
Auckland Aero,20220227:0000,104,2.9,35,6.7,218,0.0,17.9,16.2,82.6,26.7,14.9,11.2,20.7,22.0,-,-,-,1021.5,1020.6,-,16.34
Auckland Aero,20220228:0000,118,2.9,6,8.2,221,0.0,17.8,15.7,79.5,24.8,16.3,12.7,21.1,22.2,-,-,-,1026.2,1025.3,-,17.06
Auckland Aero,20220301:0000,335,0.8,22,6.7,188,0.0,19.6,17.1,76.3,24.6,16.6,13.8,21.0,22.2,-,-,-,1022.9,1022.0,-,16.42
Auckland Aero,20220302:0000,130,1.0,52,10.8,395,0.0,18.7,17.4,87.7,25.8,15.3,11.8,20.3,21.6,-,-,-,1021.7,1020.8,-,20.91
Auckland Aero,20220303:0000,132,4.7,70,11.8,400,0.0,16.4,12.9,64.6,24.6,12.2,7.7,19.1,20.8,-,-,-,1027.0,1026.1,-,24.26
Auckland Aero,20220304:0000,138,3.6,65,10.3,381,0.0,17.0,14.6,75.7,26.1,14.5,12.4,20.1,21.2,-,-,-,1026.7,1025.8,-,18.45
Auckland Aero,20220305:0000,133,3.4,72,11.8,378,0.0,18.4,16.2,78.6,26.4,16.6,14.1,20.8,21.7,-,-,-,1025.3,1024.4,-,18.02
Auckland Aero,20220306:0000,113,2.3,56,11.3,357,0.0,20.2,17.3,73.5,26.8,15.5,13.7,20.1,21.1,-,-,-,1023.0,1022.1,-,19.90
Auckland Aero,20220307:0000,124,1.9,357,9.8,217,0.0,18.4,16.7,83.3,25.7,15.5,13.1,20.1,21.3,-,-,-,1021.4,1020.5,-,11.33
Auckland Aero,20220308:0000,124,3.1,67,11.3,363,0.0,19.2,17.5,83.3,27.3,15.5,11.5,20.1,21.0,-,-,-,1022.6,1021.7,-,19.85
Auckland Aero,20220309:0000,127,2.5,11,9.3,297,0.0,18.5,16.9,84.3,26.9,15.9,12.9,20.0,21.2,-,-,-,1024.3,1023.4,-,15.97
Auckland Aero,20220310:0000,127,2.8,38,14.4,383,0.0,17.7,16.4,86.4,26.4,16.3,13.4,20.1,21.1,-,-,-,1021.5,1020.6,-,20.23
Auckland Aero,20220311:0000,110,2.4,52,10.8,319,0.0,19.5,15.4,62.6,24.9,16.8,13.6,20.4,21.4,-,-,-,1017.7,1016.8,-,14.71
Auckland Aero,20220312:0000,45,1.9,235,7.7,271,0.0,21.0,17.3,67.2,25.6,17.2,15.0,21.1,21.5,-,-,-,1016.1,1015.2,-,14.02
Auckland Aero,20220313:0000,164,1.8,116,9.8,302,0.0,19.9,18.7,88.4,28.5,18.9,17.4,21.5,22.1,-,-,-,1019.9,1019.0,-,16.43
Auckland Aero,20220314:0000,141,2.9,244,10.3,292,0.0,16.8,13.6,68.2,26.1,14.0,11.0,19.5,21.0,-,-,-,1021.4,1020.5,-,22.71
Auckland Aero,20220315:0000,107,1.2,227,8.2,302,0.0,17.8,16.2,84.2,26.2,14.6,11.0,19.7,21.1,-,-,-,1019.0,1018.1,-,23.08
Auckland Aero,20220316:0000,136,5.4,129,7.2,292,0.0,17.1,14.0,69.1,25.5,16.1,15.3,20.9,21.8,-,-,-,1021.4,1020.5,-,19.71
Auckland Aero,20220317:0000,172,1.7,140,7.7,195,0.0,15.9,12.9,69.4,25.0,12.5,7.9,18.9,20.8,-,-,-,1020.9,1020.0,-,21.51
Auckland Aero,20220318:0000,91,1.8,9,6.7,217,25.2,16.9,14.1,72.0,21.7,14.1,11.4,19.6,21.0,-,-,-,1014.4,1013.5,-,10.57
Auckland Aero,20220319:0000,45,1.3,35,11.3,521,0.2,17.2,16.7,94.5,22.8,15.0,14.6,19.0,20.1,-,-,-,1010.5,1009.6,-,14.21
Auckland Aero,20220320:0000,59,7.6,70,18.0,837,28.6,20.2,16.2,64.6,22.8,17.1,17.0,18.9,19.8,-,-,-,1013.1,1012.2,-,8.50
Auckland Aero,20220321:0000,57,5.5,73,14.4,330,62.8,19.6,19.3,97.0,26.1,18.0,17.3,19.6,19.9,-,-,-,1006.2,1005.3,-,13.69
Auckland Aero,20220322:0000,40,5.9,30,14.9,491,3.4,22.0,19.7,80.1,26.2,17.8,17.7,20.0,20.4,-,-,-,1007.2,1006.4,-,16.93
Auckland Aero,20220323:0000,85,3.9,24,8.8,279,1.2,19.5,18.7,92.1,23.3,18.9,17.5,20.2,20.8,-,-,-,1006.2,1005.3,-,9.01
Auckland Aero,20220324:0000,251,7.8,230,21.6,1060,0.0,20.2,18.4,83.0,22.3,17.2,16.6,19.3,20.1,-,-,-,1000.3,999.5,-,10.51
Auckland Aero,20220325:0000,217,9.9,217,22.1,914,0.0,19.1,17.4,83.2,20.6,18.9,17.9,19.3,19.9,-,-,-,1003.1,1002.3,-,11.33
Auckland Aero,20220326:0000,189,6.5,193,16.5,467,0.0,17.8,14.3,66.2,22.2,16.8,15.3,17.5,18.6,-,-,-,1010.4,1009.5,-,19.88
Auckland Aero,20220327:0000,200,4.0,147,8.2,344,0.0,15.8,13.0,70.7,22.9,13.9,11.2,16.5,17.9,-,-,-,1016.4,1015.5,-,16.65
Auckland Aero,20220328:0000,116,5.4,136,9.8,292,0.0,16.8,12.8,60.5,23.0,14.1,10.5,16.3,17.7,-,-,-,1018.5,1017.6,-,19.88
Auckland Aero,20220329:0000,180,2.5,237,9.3,259,0.0,16.9,15.2,82.5,23.6,13.1,10.6,17.0,18.2,-,-,-,1014.5,1013.6,-,19.08
Auckland Aero,20220330:0000,121,2.3,301,6.7,221,0.0,17.8,16.4,86.4,26.2,15.3,12.4,17.8,18.8,-,-,-,1016.2,1015.3,-,16.87
Auckland Aero,20220331:0000,296,0.8,240,7.7,287,0.0,16.8,15.9,91.0,23.8,14.4,11.5,17.8,19.0,-,-,-,1016.1,1015.2,-,18.40
Auckland Aero,20220401:0000,183,1.9,237,6.7,211,0.0,18.9,17.3,84.3,23.4,17.0,15.3,19.7,20.1,-,-,-,1016.7,1015.8,-,14.54
Auckland Aero,20220402:0000,51,0.5,332,8.8,198,0.2,16.9,16.6,96.3,25.9,14.2,12.1,17.9,19.2,-,-,-,1019.2,1018.3,-,15.02
Auckland Aero,20220403:0000,327,1.6,235,7.2,172,0.0,19.1,18.1,90.4,23.8,15.4,12.5,18.9,19.6,-,-,-,1020.6,1019.7,-,16.81
Auckland Aero,20220404:0000,121,0.3,235,5.7,150,0.2,18.5,17.7,92.1,23.5,14.6,12.1,18.9,19.5,-,-,-,1022.1,1021.2,-,17.47
Auckland Aero,20220405:0000,28,1.6,24,9.8,309,5.4,19.7,18.8,91.2,24.2,16.1,12.8,19.3,19.8,-,-,-,1018.8,1017.9,-,7.22
Auckland Aero,20220406:0000,354,2.4,286,12.4,574,0.4,20.3,19.1,88.8,25.4,17.4,15.4,19.5,20.0,-,-,-,1011.1,1010.2,-,13.81
Auckland Aero,20220407:0000,197,6.6,216,13.9,250,0.0,16.8,14.0,71.4,22.5,15.9,13.5,17.9,19.0,-,-,-,1015.3,1014.4,-,16.83
Auckland Aero,20220408:0000,326,0.8,232,10.3,322,0.0,15.7,12.4,65.8,21.0,10.6,7.4,15.8,17.4,-,-,-,1024.3,1023.4,-,17.27
Auckland Aero,20220409:0000,149,4.0,204,9.8,222,0.0,17.5,15.0,74.8,23.3,15.4,11.1,17.7,18.5,-,-,-,1024.7,1023.8,-,16.13
Auckland Aero,20220410:0000,147,0.5,223,6.2,166,0.2,16.7,14.8,80.9,22.7,11.3,6.0,16.1,17.4,-,-,-,1029.4,1028.5,-,17.71
Auckland Aero,20220411:0000,138,0.7,5,7.7,248,0.0,15.1,13.8,86.3,22.8,11.3,5.5,15.9,17.2,-,-,-,1026.0,1025.1,-,13.63
Auckland Aero,20220412:0000,79,3.0,73,11.3,502,5.8,19.3,17.0,78.2,22.2,15.0,12.8,18.4,18.6,-,-,-,1014.3,1013.4,-,8.57
Auckland Aero,20220413:0000,194,9.1,210,13.9,515,0.0,19.0,16.6,77.2,20.8,16.4,15.5,18.0,18.6,-,-,-,1001.8,1001.0,-,9.27
Auckland Aero,20220414:0000,172,3.0,217,11.8,340,0.0,14.6,11.2,63.3,19.6,10.2,5.3,14.9,16.6,-,-,-,1016.9,1016.0,-,17.50
Auckland Aero,20220415:0000,135,3.3,233,6.2,203,0.0,15.3,12.5,70.1,20.4,10.3,5.5,14.8,16.2,-,-,-,1021.6,1020.7,-,16.78
Auckland Aero,20220416:0000,290,1.0,227,5.7,218,0.0,15.0,13.7,86.2,21.0,9.5,4.5,14.7,15.9,-,-,-,1021.2,1020.3,-,14.29
Auckland Aero,20220417:0000,155,2.6,64,15.4,445,1.6,14.3,12.9,83.8,22.9,10.7,6.6,15.0,16.3,-,-,-,1021.0,1020.1,-,13.49
Auckland Aero,20220418:0000,119,3.5,76,15.4,634,2.6,17.0,15.6,85.8,20.3,14.2,14.5,17.1,17.6,-,-,-,1022.6,1021.7,-,4.30
Auckland Aero,20220419:0000,62,6.4,80,13.4,464,0.0,20.3,19.1,88.3,23.9,16.3,16.6,18.4,18.3,-,-,-,1022.1,1021.2,-,7.94
Auckland Aero,20220420:0000,76,5.3,61,13.4,473,4.6,21.2,19.2,81.6,24.0,18.3,16.8,18.9,18.8,-,-,-,1023.9,1023.0,-,11.07
Auckland Aero,20220421:0000,54,4.6,29,12.9,345,0.2,20.8,19.1,84.6,24.2,18.6,17.4,18.8,19.0,-,-,-,1020.0,1019.1,-,11.57
Auckland Aero,20220422:0000,206,0.9,212,17.0,693,1.2,18.4,17.9,95.1,20.4,16.1,12.9,18.8,18.9,-,-,-,1011.6,1010.7,-,7.91
Auckland Aero,20220423:0000,135,2.8,207,15.4,461,2.2,14.2,10.5,60.2,19.0,12.5,9.1,15.1,16.5,-,-,-,1019.1,1018.2,-,15.33
Auckland Aero,20220424:0000,231,7.6,230,18.0,583,6.6,17.7,14.4,68.0,19.9,12.5,8.4,15.7,16.5,-,-,-,1016.5,1015.6,-,12.09
Auckland Aero,20220425:0000,175,4.2,217,10.8,216,0.0,17.1,15.1,79.9,19.3,14.8,13.1,15.9,16.6,-,-,-,1013.4,1012.5,-,12.29
Auckland Aero,20220426:0000,169,0.8,237,8.8,295,0.0,14.0,13.6,94.8,20.1,9.4,4.5,14.2,15.3,-,-,-,1017.4,1016.5,-,13.91
Auckland Aero,20220427:0000,203,5.3,245,10.8,261,0.0,17.0,13.7,66.9,20.3,13.7,12.4,16.2,16.8,-,-,-,1022.2,1021.3,-,9.59
Auckland Aero,20220428:0000,130,4.0,13,6.7,221,0.2,14.7,12.0,71.0,20.2,12.8,7.2,15.6,16.4,-,-,-,1031.8,1030.9,-,12.93
Auckland Aero,20220429:0000,110,3.1,56,8.8,244,0.0,14.3,13.3,88.5,20.8,11.7,7.7,15.6,16.4,-,-,-,1034.7,1033.8,-,11.18
Auckland Aero,20220430:0000,136,4.1,78,10.3,255,2.6,14.2,12.6,81.7,20.5,11.1,6.0,14.6,15.7,-,-,-,1033.8,1032.9,-,11.52
Auckland Aero,20220501:0000,110,1.4,73,8.8,186,0.0,14.7,13.8,90.1,21.4,10.6,7.0,14.3,15.5,-,-,-,1028.6,1027.7,-,12.34
Auckland Aero,20220502:0000,200,0.6,19,7.2,157,0.2,14.4,13.7,92.0,21.6,10.4,5.6,14.0,15.2,-,-,-,1027.8,1026.9,-,11.77
Auckland Aero,20220503:0000,155,1.2,241,3.6,154,0.2,13.9,12.9,89.0,20.9,9.5,4.9,13.7,15.0,-,-,-,1028.6,1027.7,-,11.07
Auckland Aero,20220504:0000,141,1.4,73,9.3,229,0.2,13.8,13.3,94.3,20.4,11.1,6.6,13.8,15.1,-,-,-,1029.1,1028.2,-,8.55
Auckland Aero,20220505:0000,124,2.0,62,9.3,212,0.2,13.8,13.0,90.8,22.0,11.5,6.8,14.0,15.1,-,-,-,1029.0,1028.1,-,10.21
Auckland Aero,20220506:0000,191,0.8,215,7.2,162,0.2,12.9,12.2,91.1,20.5,9.4,3.2,12.7,14.3,-,-,-,1030.0,1029.1,-,12.90
Auckland Aero,20220507:0000,113,1.2,61,5.7,106,0.2,13.3,12.8,94.2,20.8,9.3,3.8,13.2,14.5,-,-,-,1030.1,1029.2,-,10.77
Auckland Aero,20220508:0000,197,0.8,247,6.2,176,0.0,13.1,12.7,95.0,21.0,8.8,3.4,12.9,14.3,-,-,-,1027.6,1026.7,-,11.37
Auckland Aero,20220509:0000,341,2.8,270,9.8,299,7.4,15.2,13.8,85.1,19.9,9.9,5.2,13.9,14.6,-,-,-,1021.9,1021.0,-,5.78
Auckland Aero,20220510:0000,93,0.5,231,11.3,290,0.0,14.7,14.0,92.4,19.5,11.4,8.5,14.1,15.1,-,-,-,1017.5,1016.6,-,12.07
Auckland Aero,20220511:0000,175,3.7,153,7.2,251,0.0,10.3,8.1,72.1,16.3,8.3,2.1,12.0,13.8,-,-,-,1028.4,1027.5,-,12.91
Auckland Aero,20220512:0000,180,1.4,224,6.2,141,0.0,9.4,7.5,74.6,16.4,4.7,-0.7,10.6,12.6,-,-,-,1030.9,1030.0,-,12.69
Auckland Aero,20220513:0000,141,0.8,28,3.6,140,0.0,9.9,9.2,91.0,17.4,5.6,0.2,10.3,12.0,-,-,-,1030.9,1030.0,-,9.70
Auckland Aero,20220514:0000,329,3.0,253,10.3,505,0.0,15.1,13.0,77.1,19.5,9.9,6.8,13.9,14.2,-,-,-,1025.1,1024.2,-,5.27
Auckland Aero,20220515:0000,265,8.8,264,15.4,666,0.0,18.6,17.0,84.4,20.3,15.2,14.0,15.7,15.3,-,-,-,1015.0,1014.1,-,5.56
Auckland Aero,20220516:0000,276,8.7,276,15.4,478,1.6,19.7,17.6,80.2,20.6,17.0,16.0,16.9,16.3,-,-,-,1013.6,1012.7,-,2.93
Auckland Aero,20220517:0000,327,2.5,305,11.8,443,1.2,19.5,18.3,88.8,21.2,16.3,15.2,17.1,16.7,-,-,-,1017.1,1016.2,-,5.00
Auckland Aero,20220518:0000,248,4.3,341,8.2,211,0.2,17.5,17.0,94.5,18.8,16.9,16.0,17.2,17.1,-,-,-,1016.5,1015.6,-,4.17
Auckland Aero,20220519:0000,45,3.4,309,12.9,347,10.8,18.5,17.9,93.8,19.0,16.5,14.9,17.0,17.0,-,-,-,1014.2,1013.3,-,1.96
Auckland Aero,20220520:0000,346,4.4,236,23.2,964,3.6,16.1,14.7,85.6,18.4,12.8,11.0,14.9,15.7,-,-,-,1010.7,1009.8,-,7.65
Auckland Aero,20220521:0000,253,9.0,246,18.5,781,4.2,13.4,11.4,77.7,17.6,11.5,8.7,13.2,14.1,-,-,-,1016.4,1015.5,-,8.89
Auckland Aero,20220522:0000,251,4.9,254,16.5,-,-,16.0,13.7,76.1,-,13.4,12.2,13.9,14.5,-,-,-,1014.7,1013.8,-,8.91
Auckland Aero,20220523:0000,-,-,-,-,-,-,-,-,-,-,-,-,-,-,-,-,-,-,-,-,-
Auckland Aero,20220524:0000,197,1.6,222,12.9,346,0.0,11.5,10.6,88.6,16.5,9.7,4.8,13.0,14.0,-,-,-,1021.9,1021.0,-,7.83
Auckland Aero,20220525:0000,226,5.7,218,13.9,322,2.0,15.9,13.5,75.2,17.7,11.4,11.0,13.9,14.5,-,-,-,1020.2,1019.3,-,4.49
Auckland Aero,20220526:0000,135,0.8,191,7.7,133,0.2,12.4,12.0,94.9,17.4,10.7,5.8,13.2,14.1,-,-,-,1022.2,1021.3,-,10.44
Auckland Aero,20220527:0000,158,2.0,136,6.2,166,0.0,9.8,8.8,86.7,16.2,7.4,2.4,11.2,12.8,-,-,-,1027.8,1026.9,-,10.87
Auckland Aero,20220528:0000,127,1.6,39,8.8,292,1.0,10.1,9.1,86.7,18.4,6.6,1.6,10.6,12.1,-,-,-,1028.4,1027.5,-,10.73
Auckland Aero,20220529:0000,104,3.6,57,17.5,720,15.8,14.3,13.1,86.6,18.9,10.0,5.7,12.8,13.4,-,-,-,1021.5,1020.6,-,6.55
Auckland Aero,20220530:0000,40,10.6,67,17.5,296,12.0,18.2,17.9,96.4,20.6,14.3,13.8,15.8,15.2,-,-,-,1008.5,1007.6,-,4.07
Auckland Aero,20220531:0000,14,3.2,3,14.4,496,12.4,15.2,14.4,91.3,20.0,12.4,8.6,14.0,14.7,-,-,-,1009.8,1008.9,-,8.55
Auckland Aero,20220601:0000,1,3.8,21,17.5,467,0.0,17.5,16.2,86.5,21.2,15.1,14.9,15.7,15.8,-,-,-,1003.4,1002.5,-,6.87
Auckland Aero,20220602:0000,14,5.6,297,13.4,393,10.4,17.6,15.9,82.7,17.6,15.1,13.6,15.4,15.5,-,-,-,998.4,997.6,-,3.75
Auckland Aero,20220603:0000,307,5.2,271,14.9,434,2.2,14.9,13.5,84.5,17.5,12.3,10.3,14.0,14.5,-,-,-,1002.0,1001.1,-,7.87
Auckland Aero,20220604:0000,330,0.6,243,8.8,149,0.2,12.7,12.0,91.2,17.1,9.3,6.5,13.0,14.1,-,-,-,1014.9,1014.0,-,9.39
Auckland Aero,20220605:0000,82,2.8,54,12.4,432,25.8,12.9,11.9,88.3,17.0,8.9,4.3,12.3,13.3,-,-,-,1019.2,1018.3,-,3.88
Auckland Aero,20220606:0000,79,4.3,81,8.8,161,1.8,14.8,14.5,96.2,18.5,12.9,12.0,14.4,14.5,-,-,-,1016.7,1015.8,-,6.22
Auckland Aero,20220607:0000,29,0.5,32,10.3,315,4.2,11.9,11.8,98.6,18.6,9.2,7.0,12.9,13.8,-,-,-,1014.7,1013.8,-,5.08
Auckland Aero,20220608:0000,17,1.9,15,9.3,290,1.6,13.0,12.6,95.0,19.2,10.2,7.3,13.4,14.3,-,-,-,1010.9,1010.0,-,8.61
Auckland Aero,20220609:0000,307,3.7,292,16.0,396,4.8,15.8,15.0,90.8,17.4,12.0,9.9,14.4,14.6,-,-,-,1002.4,1001.5,-,3.55
Auckland Aero,20220610:0000,343,6.7,297,18.0,544,12.8,12.6,11.6,88.3,18.1,10.5,8.2,12.6,13.4,-,-,-,1003.4,1002.5,-,5.88
Auckland Aero,20220611:0000,335,6.3,265,22.1,421,23.6,14.4,13.2,86.2,18.9,12.3,10.3,13.3,13.7,-,-,-,1003.8,1002.9,-,6.31
Auckland Aero,20220612:0000,335,3.7,323,14.9,620,13.6,13.8,12.5,85.0,17.4,11.1,9.2,13.1,13.7,-,-,-,1000.6,999.7,-,5.57
Auckland Aero,20220613:0000,316,7.8,280,25.7,962,8.2,13.0,10.7,73.6,15.3,12.3,10.4,12.9,13.7,-,-,-,997.2,996.3,-,7.14
Auckland Aero,20220614:0000,259,9.3,268,19.0,719,2.0,14.2,10.4,59.5,16.5,9.4,9.4,11.6,12.4,-,-,-,1011.6,1010.7,-,8.67
Auckland Aero,20220615:0000,253,5.8,244,16.5,483,3.0,14.4,12.5,79.5,16.0,12.0,10.4,12.4,13.0,-,-,-,1016.2,1015.3,-,6.96
Auckland Aero,20220616:0000,256,4.5,258,13.4,340,1.2,14.2,11.3,68.5,17.0,11.5,8.7,12.3,13.0,-,-,-,1021.6,1020.7,-,7.85
Auckland Aero,20220617:0000,327,3.7,325,7.2,175,0.2,12.9,12.4,94.4,16.5,10.3,8.3,12.4,12.9,-,-,-,1024.1,1023.2,-,5.80
Auckland Aero,20220618:0000,231,0.5,64,7.7,274,7.4,10.8,10.6,96.9,15.5,8.1,4.2,11.2,12.2,-,-,-,1022.6,1021.7,-,2.41
Auckland Aero,20220619:0000,169,3.7,147,7.2,324,0.0,12.8,12.5,96.9,15.6,10.8,10.1,13.4,13.7,-,-,-,1012.4,1011.5,-,6.00
Auckland Aero,20220620:0000,155,6.1,116,10.8,483,0.0,8.9,7.2,76.6,13.1,8.3,6.6,11.2,12.3,-,-,-,1013.6,1012.7,-,6.39
Auckland Aero,20220621:0000,124,5.1,158,12.4,345,0.0,7.9,5.8,70.2,12.8,6.3,4.0,8.9,10.4,-,-,-,1021.4,1020.5,-,10.16
Auckland Aero,20220622:0000,133,3.4,133,7.2,201,0.0,6.9,5.6,80.7,13.3,5.2,0.8,8.3,9.8,-,-,-,1024.6,1023.7,-,9.51
Auckland Aero,20220623:0000,152,2.2,53,8.8,151,0.2,7.6,6.8,88.5,14.5,4.5,0.3,7.8,9.4,-,-,-,1028.2,1027.3,-,9.66
Auckland Aero,20220624:0000,54,2.3,37,13.4,383,12.6,11.6,10.7,88.7,16.2,5.8,2.0,8.8,9.9,-,-,-,1026.1,1025.2,-,6.17
Auckland Aero,20220625:0000,23,1.9,41,7.7,210,1.0,11.8,11.7,98.6,17.1,9.2,6.5,10.8,11.5,-,-,-,1019.2,1018.3,-,6.68
Auckland Aero,20220626:0000,40,0.6,235,7.2,167,0.2,11.0,10.9,98.6,16.7,9.0,6.5,11.0,11.7,-,-,-,1021.6,1020.7,-,8.73
Auckland Aero,20220627:0000,346,0.6,235,7.2,166,0.0,11.3,10.8,93.7,15.8,7.7,3.0,10.2,11.3,-,-,-,1023.4,1022.5,-,6.42
Auckland Aero,20220628:0000,51,1.3,15,6.2,147,1.8,9.6,8.8,89.2,15.8,8.1,5.1,10.2,11.2,-,-,-,1020.6,1019.7,-,6.90
Auckland Aero,20220629:0000,144,1.5,197,11.8,454,7.2,11.7,11.2,94.3,12.9,9.5,5.8,11.4,11.8,-,-,-,1012.4,1011.5,-,0.97
Auckland Aero,20220630:0000,211,5.9,221,14.9,607,1.0,12.9,10.8,76.1,15.5,10.5,9.3,10.8,11.4,-,-,-,1010.8,1009.9,-,6.83
Auckland Aero,20220701:0000,262,4.3,230,12.4,369,0.2,14.5,13.5,88.4,16.1,12.6,11.3,12.0,12.2,-,-,-,1016.1,1015.2,-,5.58
Auckland Aero,20220702:0000,220,3.1,228,10.3,164,0.8,12.1,10.1,76.0,14.8,10.2,7.5,11.3,11.8,-,-,-,1023.0,1022.1,-,7.96
Auckland Aero,20220703:0000,349,1.8,225,9.3,272,0.8,10.7,10.1,91.7,15.5,6.8,3.6,10.1,11.0,-,-,-,1025.5,1024.6,-,8.71
Auckland Aero,20220704:0000,220,1.4,213,8.8,112,0.0,11.1,10.4,91.2,15.3,9.1,4.2,10.3,11.2,-,-,-,1027.3,1026.4,-,6.93
Auckland Aero,20220705:0000,341,0.6,23,12.9,398,31.8,11.0,10.5,93.0,15.8,8.8,7.0,10.9,11.5,-,-,-,1024.8,1023.9,-,1.51
Auckland Aero,20220706:0000,211,3.4,282,8.8,188,0.0,13.5,12.5,88.3,15.6,11.1,11.3,13.3,13.2,-,-,-,1019.4,1018.5,-,4.97
Auckland Aero,20220707:0000,73,3.8,49,15.4,677,26.0,13.3,12.1,85.9,16.8,9.6,7.0,12.0,12.5,-,-,-,1024.9,1024.0,-,3.79
Auckland Aero,20220708:0000,17,10.0,42,17.0,573,28.0,16.7,16.5,98.1,19.6,13.0,12.6,14.2,13.8,-,-,-,1007.8,1006.9,-,3.65
Auckland Aero,20220709:0000,299,6.3,275,17.5,437,0.0,15.7,13.9,80.7,18.4,13.1,12.1,13.8,14.2,-,-,-,1007.6,1006.7,-,8.89
Auckland Aero,20220710:0000,31,2.5,356,8.2,179,0.0,13.9,13.2,91.8,18.4,10.7,7.9,12.1,13.0,-,-,-,1016.4,1015.5,-,6.77
Auckland Aero,20220711:0000,93,3.0,61,15.4,677,47.2,13.7,13.0,92.4,17.6,12.3,10.2,13.2,13.5,-,-,-,1023.1,1022.2,-,2.28
Auckland Aero,20220712:0000,20,12.5,32,19.6,578,15.4,17.2,17.2,100.0,18.1,13.7,13.5,15.6,15.1,-,-,-,1000.7,999.8,-,5.26
Auckland Aero,20220713:0000,315,3.1,284,12.4,323,9.0,14.5,13.6,89.6,16.6,13.2,11.6,13.5,13.7,-,-,-,1008.6,1007.7,-,5.52
Auckland Aero,20220714:0000,31,2.7,151,12.4,400,12.2,12.4,12.1,96.8,14.3,10.7,8.9,12.3,13.2,-,-,-,1007.7,1006.8,-,1.72
Auckland Aero,20220715:0000,133,1.6,207,10.3,232,0.2,13.0,12.2,90.7,16.2,10.9,9.3,12.2,12.9,-,-,-,1002.5,1001.6,-,8.99
Auckland Aero,20220716:0000,360,1.5,215,13.9,305,3.2,11.6,9.9,79.6,14.6,8.9,5.0,10.7,11.9,-,-,-,1012.7,1011.8,-,9.87
Auckland Aero,20220717:0000,60,1.3,211,6.2,112,0.0,7.8,7.4,94.1,14.3,4.6,2.9,9.2,10.7,-,-,-,1028.6,1027.7,-,9.90
Auckland Aero,20220718:0000,217,0.8,21,8.8,278,4.6,9.4,8.9,92.9,14.8,5.3,1.4,9.8,10.6,-,-,-,1032.0,1031.1,-,4.54
Auckland Aero,20220719:0000,34,3.9,39,13.4,409,10.2,14.8,13.7,88.0,17.4,9.4,9.9,11.9,12.2,-,-,-,1023.0,1022.1,-,6.39
Auckland Aero,20220720:0000,71,1.3,303,14.9,350,12.4,14.0,13.9,98.7,16.8,12.8,11.1,13.4,13.4,-,-,-,1015.1,1014.2,-,5.54
Auckland Aero,20220721:0000,341,4.0,247,17.0,524,4.0,10.2,9.1,85.5,14.4,9.0,7.7,10.8,11.8,-,-,-,1015.0,1014.1,-,8.06
Auckland Aero,20220722:0000,149,1.5,188,10.8,274,0.0,8.8,7.8,86.2,13.3,6.1,3.0,9.4,10.9,-,-,-,1026.4,1025.5,-,11.49
Auckland Aero,20220723:0000,121,3.1,79,7.7,312,0.0,8.4,6.7,76.5,15.0,6.1,3.6,8.6,10.0,-,-,-,1032.5,1031.6,-,8.81
Auckland Aero,20220724:0000,130,3.4,80,16.0,737,9.2,10.5,9.9,92.3,14.4,8.4,8.3,10.8,11.2,-,-,-,1028.3,1027.4,-,3.20
Auckland Aero,20220725:0000,62,11.4,61,22.1,837,22.0,13.3,12.3,87.8,16.5,10.5,11.1,12.0,12.0,-,-,-,1015.7,1014.8,-,2.84
Auckland Aero,20220726:0000,23,5.5,48,16.0,746,9.6,15.1,13.7,84.6,17.4,13.3,12.6,13.6,13.7,-,-,-,1000.3,999.4,-,7.22
Auckland Aero,20220727:0000,279,9.5,287,18.5,475,2.8,13.8,10.8,66.7,16.5,12.1,11.2,11.8,12.6,-,-,-,1005.3,1004.4,-,8.06
Auckland Aero,20220728:0000,355,2.9,262,13.9,524,2.0,13.7,12.8,90.1,16.7,11.3,9.1,12.6,12.9,-,-,-,1004.2,1003.3,-,6.45
Auckland Aero,20220729:0000,273,6.1,283,12.4,379,0.4,14.3,10.8,62.4,16.7,12.0,10.3,10.9,11.7,-,-,-,1014.7,1013.8,-,10.54
Auckland Aero,20220730:0000,20,2.3,25,10.8,504,3.0,11.7,11.1,93.0,17.2,8.0,6.0,10.0,11.0,-,-,-,1018.5,1017.6,-,11.69
Auckland Aero,20220731:0000,259,8.4,259,24.7,688,2.2,11.5,9.8,79.1,13.5,10.4,9.4,11.1,11.8,-,-,-,1012.1,1011.2,-,9.69
Auckland Aero,20220801:0000,208,1.0,245,12.4,236,0.2,12.0,10.0,75.6,15.3,9.2,6.6,9.7,10.6,-,-,-,1025.3,1024.4,-,11.83
Auckland Aero,20220802:0000,17,1.5,348,8.8,235,0.0,9.5,8.7,89.6,15.7,4.9,2.1,8.3,9.7,-,-,-,1029.5,1028.6,-,9.16
Auckland Aero,20220803:0000,93,1.1,338,7.2,147,0.2,11.9,11.4,94.3,17.7,9.5,7.6,10.2,10.8,-,-,-,1025.1,1024.2,-,11.59
Auckland Aero,20220804:0000,217,1.6,252,4.6,132,0.2,9.1,9.1,99.4,17.2,6.7,4.8,10.3,11.1,-,-,-,1025.7,1024.8,-,12.10
Auckland Aero,20220805:0000,195,1.6,237,4.1,107,0.6,8.4,8.4,100.0,14.7,6.3,2.5,9.6,10.5,-,-,-,1024.3,1023.4,-,10.53
Auckland Aero,20220806:0000,37,1.2,344,7.7,312,2.4,8.0,8.0,100.0,16.3,6.5,3.9,10.5,11.1,-,-,-,1016.1,1015.2,-,7.61
Auckland Aero,20220807:0000,290,3.2,348,12.4,231,26.8,13.7,13.3,95.5,15.0,7.9,9.6,13.4,13.1,-,-,-,1009.6,1008.7,-,2.57
Auckland Aero,20220808:0000,40,2.9,44,7.7,233,12.0,10.2,10.2,100.0,16.7,7.0,6.3,10.7,11.5,-,-,-,1010.4,1009.5,-,7.35
Auckland Aero,20220809:0000,160,1.0,119,9.8,230,0.2,11.9,10.5,82.5,16.0,10.2,10.2,12.0,12.6,-,-,-,1007.3,1006.4,-,7.29
Auckland Aero,20220810:0000,136,2.3,132,6.7,146,2.6,11.5,9.4,75.0,15.5,9.5,8.2,11.3,12.1,-,-,-,1010.0,1009.1,-,7.39
Auckland Aero,20220811:0000,164,2.5,139,7.7,321,0.2,9.0,7.9,85.0,13.9,6.0,3.0,9.8,11.1,-,-,-,1016.5,1015.6,-,13.79
Auckland Aero,20220812:0000,194,1.9,214,10.3,329,2.2,8.1,5.5,63.7,12.1,4.1,0.2,7.8,9.5,-,-,-,1021.0,1020.1,-,14.39
Auckland Aero,20220813:0000,341,0.8,232,9.3,148,0.6,11.1,10.4,90.6,14.0,8.0,5.4,10.2,10.6,-,-,-,1025.2,1024.3,-,10.94
Auckland Aero,20220814:0000,65,0.6,231,4.6,127,0.0,10.3,9.5,89.3,15.0,6.2,3.8,10.0,10.6,-,-,-,1028.8,1027.9,-,10.72
Auckland Aero,20220815:0000,158,0.7,25,8.8,339,0.0,10.1,9.2,87.9,15.6,7.3,3.5,9.9,10.6,-,-,-,1028.4,1027.5,-,5.33
Auckland Aero,20220816:0000,48,3.8,55,16.0,764,2.4,15.6,14.1,83.9,17.4,10.1,10.6,12.1,12.1,-,-,-,1028.0,1027.1,-,5.27
Auckland Aero,20220817:0000,40,8.0,48,18.5,896,19.0,15.8,14.7,88.0,17.4,15.1,14.2,14.0,13.7,-,-,-,1026.4,1025.5,-,4.73
Auckland Aero,20220818:0000,43,11.4,41,21.1,899,29.8,16.5,16.0,94.3,17.4,15.4,14.7,15.0,14.5,-,-,-,1020.7,1019.8,-,2.16
Auckland Aero,20220819:0000,40,10.0,35,17.5,824,4.6,17.1,16.3,92.0,17.6,16.0,15.9,15.4,15.0,-,-,-,1021.7,1020.8,-,2.03
Auckland Aero,20220820:0000,14,7.1,33,19.0,425,0.2,16.9,15.4,84.7,21.0,15.3,14.8,15.1,15.0,-,-,-,1016.8,1015.9,-,7.94
Auckland Aero,20220821:0000,340,3.9,300,8.8,329,2.4,15.6,13.8,80.3,20.4,11.9,10.8,13.6,14.0,-,-,-,1019.4,1018.5,-,13.22
Auckland Aero,20220822:0000,14,6.5,299,16.5,322,16.2,15.0,13.4,82.4,17.5,13.0,12.2,14.1,14.5,-,-,-,1015.2,1014.3,-,8.73
Auckland Aero,20220823:0000,209,2.9,237,9.8,366,0.6,11.9,11.2,91.9,16.6,10.7,9.6,12.6,13.3,-,-,-,1017.6,1016.7,-,15.66
Auckland Aero,20220824:0000,85,1.3,259,10.8,269,0.0,13.5,12.1,84.3,15.8,11.0,9.2,12.7,13.3,-,-,-,1021.0,1020.1,-,9.04
Auckland Aero,20220825:0000,76,5.9,51,16.5,557,30.2,13.6,12.0,81.7,16.0,10.9,9.2,12.6,13.1,-,-,-,1015.0,1014.1,-,4.18
Auckland Aero,20220826:0000,321,5.7,272,16.0,635,2.6,14.6,14.2,95.6,17.5,13.6,12.9,14.0,14.0,-,-,-,1008.9,1008.0,-,10.42
Auckland Aero,20220827:0000,234,4.5,224,11.8,408,0.0,14.1,12.6,83.1,16.0,12.3,11.9,13.4,13.7,-,-,-,1017.6,1016.7,-,15.37
Auckland Aero,20220828:0000,124,2.2,212,6.2,221,0.2,11.7,10.2,82.0,17.1,8.4,5.4,11.4,12.6,-,-,-,1026.4,1025.5,-,16.79
Auckland Aero,20220829:0000,138,3.2,97,7.2,263,0.0,11.0,8.6,70.7,15.8,7.0,4.0,10.9,12.1,-,-,-,1033.0,1032.1,-,10.35
Auckland Aero,20220830:0000,180,2.9,54,7.2,167,0.0,9.7,7.9,76.1,17.2,6.7,4.1,10.2,11.4,-,-,-,1034.1,1033.2,-,13.98
Auckland Aero,20220831:0000,203,1.0,34,5.7,140,0.0,9.9,8.8,85.0,17.3,6.2,1.3,9.1,10.5,-,-,-,1034.3,1033.4,-,15.96
Auckland Aero,20220901:0000,6,2.2,335,9.3,145,0.0,13.1,11.5,80.9,17.3,6.8,3.9,10.3,11.3,-,-,-,1033.8,1032.9,-,11.53
Auckland Aero,20220902:0000,3,2.8,355,8.2,212,0.0,12.6,10.3,73.5,17.1,8.2,5.9,10.9,11.5,-,-,-,1030.5,1029.6,-,13.47
Auckland Aero,20220903:0000,346,3.5,313,12.4,436,4.2,13.2,10.5,69.4,18.1,6.6,4.5,10.0,10.9,-,-,-,1022.6,1021.7,-,12.02
Auckland Aero,20220904:0000,253,3.8,233,9.8,342,2.6,14.4,13.0,83.9,16.6,11.4,9.6,12.2,12.7,-,-,-,1015.8,1014.9,-,12.89
Auckland Aero,20220905:0000,104,2.9,64,12.9,511,50.6,9.7,9.2,92.9,14.8,8.5,6.7,11.4,12.0,-,-,-,1004.1,1003.2,-,1.74
Auckland Aero,20220906:0000,192,7.6,168,17.0,263,0.0,9.6,6.4,59.1,12.7,8.0,6.7,10.0,11.3,-,-,-,1008.0,1007.1,-,19.04
Auckland Aero,20220907:0000,14,1.7,1,6.7,186,0.0,10.0,7.8,72.2,15.7,3.1,1.1,8.9,9.9,-,-,-,1021.3,1020.4,-,12.35
Auckland Aero,20220908:0000,144,0.9,229,6.2,167,0.2,11.1,9.8,83.4,15.7,5.1,1.8,9.3,10.2,-,-,-,1026.4,1025.5,-,19.19
Auckland Aero,20220909:0000,127,1.6,129,6.7,251,0.0,10.7,9.4,83.9,16.8,5.2,1.5,9.1,10.3,-,-,-,1028.4,1027.5,-,16.25
Auckland Aero,20220910:0000,152,4.3,149,8.8,237,0.2,11.3,10.4,88.7,15.6,9.4,7.9,10.9,11.7,-,-,-,1025.3,1024.4,-,12.01
Auckland Aero,20220911:0000,133,1.8,39,10.3,399,11.0,12.4,11.5,88.7,18.6,7.9,4.0,11.8,12.0,-,-,-,1018.6,1017.7,-,14.09
Auckland Aero,20220912:0000,316,5.7,288,18.0,819,3.2,15.9,14.7,87.4,18.9,12.4,12.5,13.9,13.7,-,-,-,1003.0,1002.1,-,10.62
Auckland Aero,20220913:0000,279,4.9,265,16.0,504,0.2,15.9,13.0,70.2,19.3,13.4,12.1,13.0,13.1,-,-,-,1016.0,1015.1,-,15.26
Auckland Aero,20220914:0000,220,4.5,244,10.8,252,1.4,13.5,11.0,71.3,15.9,11.6,10.0,12.1,12.8,-,-,-,1019.3,1018.4,-,18.48
Auckland Aero,20220915:0000,68,0.9,225,8.8,414,0.0,12.3,10.0,72.9,15.2,5.1,2.4,10.8,11.7,-,-,-,1018.2,1017.3,-,18.62
Auckland Aero,20220916:0000,242,7.7,220,12.4,377,0.0,13.5,10.6,67.0,16.1,9.1,4.6,11.4,11.9,-,-,-,1017.3,1016.4,-,13.28
Auckland Aero,20220917:0000,341,0.9,234,8.8,236,0.0,13.1,11.7,83.6,15.6,7.0,3.5,11.5,12.0,-,-,-,1024.8,1023.9,-,12.00
Auckland Aero,20220918:0000,45,1.4,29,9.3,379,0.2,14.4,9.8,51.0,18.2,8.9,5.7,12.0,12.4,-,-,-,1028.2,1027.3,-,19.15
Auckland Aero,20220919:0000,26,6.1,22,16.0,613,3.0,16.3,14.4,80.3,18.7,12.7,11.3,13.7,13.7,-,-,-,1024.2,1023.3,-,7.15
Auckland Aero,20220920:0000,346,3.2,10,11.8,362,4.0,16.8,15.2,83.5,20.0,12.6,9.9,14.3,14.3,-,-,-,1021.8,1020.9,-,13.91
Auckland Aero,20220921:0000,6,2.9,349,9.8,248,0.2,15.6,13.5,78.2,20.4,12.2,10.2,14.2,14.5,-,-,-,1018.6,1017.7,-,17.16
Auckland Aero,20220922:0000,175,2.9,125,8.2,309,4.4,12.6,12.2,95.0,16.7,9.0,5.3,12.7,13.4,-,-,-,1020.3,1019.4,-,7.14
Auckland Aero,20220923:0000,20,3.3,56,8.8,187,3.0,15.0,13.6,85.1,18.2,11.9,11.4,14.1,14.1,-,-,-,1015.6,1014.7,-,10.94
Auckland Aero,20220924:0000,225,1.6,231,12.4,481,0.0,14.6,13.7,89.5,17.8,10.1,7.0,13.2,13.5,-,-,-,1014.4,1013.5,-,19.27
Auckland Aero,20220925:0000,194,3.7,223,9.8,255,0.0,15.5,13.7,81.1,20.5,13.3,11.8,14.1,14.4,-,-,-,1020.9,1020.0,-,18.18
Auckland Aero,20220926:0000,99,4.1,59,14.4,597,0.0,13.3,11.4,78.4,17.2,10.8,8.5,13.9,14.6,-,-,-,1027.7,1026.8,-,15.16
Auckland Aero,20220927:0000,65,6.7,64,15.4,559,0.6,15.1,11.2,58.8,17.5,12.5,10.8,13.6,14.2,-,-,-,1028.2,1027.3,-,16.06
Auckland Aero,20220928:0000,76,3.6,8,11.8,392,0.2,13.3,12.6,91.7,18.4,11.4,9.7,13.2,13.9,-,-,-,1027.5,1026.6,-,14.50
Auckland Aero,20220929:0000,40,1.6,10,11.8,442,5.8,15.0,14.1,89.7,19.1,12.9,11.9,14.2,14.5,-,-,-,1021.7,1020.8,-,8.47
Auckland Aero,20220930:0000,14,4.4,30,8.8,307,19.0,16.8,16.5,96.8,18.7,15.0,14.8,15.8,15.6,-,-,-,1016.0,1015.1,-,7.46
Auckland Aero,20221001:0000,76,6.0,28,15.4,492,16.0,16.0,15.6,95.6,17.4,15.2,15.1,16.0,16.1,-,-,-,1011.6,1010.7,-,4.97
Auckland Aero,20221002:0000,31,2.2,64,10.3,397,2.6,16.4,15.7,92.5,19.0,14.4,13.5,15.6,15.9,-,-,-,1002.9,1002.0,-,10.84
Auckland Aero,20221003:0000,273,6.6,272,14.4,561,2.4,15.6,14.9,92.1,16.9,14.7,14.3,15.8,15.9,-,-,-,998.5,997.6,-,8.22
Auckland Aero,20221004:0000,124,2.3,104,6.7,257,1.4,12.9,11.8,86.5,16.7,10.7,8.9,14.0,14.4,-,-,-,1014.8,1013.9,-,9.21
Auckland Aero,20221005:0000,265,6.1,234,17.5,895,4.0,13.6,11.3,74.2,17.3,12.0,10.9,13.8,14.6,-,-,-,1014.3,1013.4,-,15.96
Auckland Aero,20221006:0000,239,11.7,231,21.6,643,0.4,10.5,8.0,69.1,12.9,9.0,8.0,11.3,12.6,-,-,-,1014.7,1013.8,-,17.69
Auckland Aero,20221007:0000,360,1.1,185,13.4,204,0.0,9.1,6.1,60.3,16.3,3.2,-0.5,9.4,10.8,-,-,-,1028.3,1027.4,-,23.89
Auckland Aero,20221008:0000,138,1.5,59,10.3,313,0.0,9.6,8.2,81.7,19.1,4.8,1.3,10.3,11.5,-,-,-,1038.2,1037.3,-,19.79
Auckland Aero,20221009:0000,59,4.2,56,10.3,346,0.0,12.5,10.9,81.0,16.9,9.5,10.0,13.2,13.6,-,-,-,1039.9,1039.0,-,12.50
Auckland Aero,20221010:0000,57,3.7,41,10.3,344,0.0,14.3,11.7,71.0,19.0,12.4,10.7,13.7,14.0,-,-,-,1033.9,1033.0,-,16.28
Auckland Aero,20221011:0000,34,1.8,10,9.3,195,0.0,15.9,13.3,72.8,20.1,9.9,6.8,12.5,13.4,-,-,-,1026.2,1025.3,-,15.11
Auckland Aero,20221012:0000,327,0.8,55,7.7,101,0.2,15.1,14.1,89.0,17.4,12.4,10.6,14.2,14.5,-,-,-,1024.5,1023.6,-,6.22
Auckland Aero,20221013:0000,118,0.4,80,7.2,292,0.4,14.6,13.5,87.9,19.2,10.6,-12.9,13.8,14.4,-,-,-,1021.9,1021.0,-,14.02
Auckland Aero,20221014:0000,118,4.1,120,9.3,405,0.4,13.0,11.9,86.5,17.0,12.5,-11.5,14.7,15.1,-,-,-,1023.0,1022.1,-,12.41
Auckland Aero,20221015:0000,152,5.3,130,9.8,326,0.0,11.0,9.1,76.4,18.8,8.6,-19.3,12.3,13.6,-,-,-,1019.7,1018.8,-,23.96
Auckland Aero,20221016:0000,220,5.1,240,12.4,517,0.0,14.5,12.3,75.9,17.3,9.0,-21.0,13.2,14.1,-,-,-,1014.6,1013.7,-,24.24
Auckland Aero,20221017:0000,318,2.6,239,8.8,298,5.6,16.4,13.8,73.7,19.1,12.9,11.5,14.5,14.8,-,-,-,1016.4,1015.5,-,13.44
Auckland Aero,20221018:0000,220,6.4,248,14.9,639,0.6,15.0,12.4,72.4,19.0,13.6,-,14.9,15.6,-,-,-,1014.1,1013.2,-,22.80
Auckland Aero,20221019:0000,211,8.2,210,14.9,687,0.0,13.7,11.6,76.8,17.7,11.6,-,13.7,14.6,-,-,-,1016.8,1015.9,-,24.03
Auckland Aero,20221020:0000,236,8.6,281,16.5,731,1.0,15.0,12.4,72.5,19.0,11.5,-,13.4,14.3,-,-,-,1015.7,1014.8,-,21.33
Auckland Aero,20221021:0000,228,6.9,255,13.4,356,0.2,15.4,12.9,74.0,18.7,13.4,-,14.6,15.1,-,-,-,1015.2,1014.3,-,22.77
Auckland Aero,20221022:0000,124,2.6,70,7.7,190,0.0,12.9,10.3,69.6,19.1,11.0,-,14.7,15.3,-,-,-,1028.5,1027.6,-,26.53
Auckland Aero,20221023:0000,332,0.4,233,9.3,314,0.0,14.1,12.9,85.9,19.5,8.0,-,14.1,15.1,-,-,-,1033.4,1032.5,-,27.08
Auckland Aero,20221024:0000,192,1.8,219,12.4,534,0.0,15.1,14.0,87.8,19.6,10.4,-,14.8,15.6,-,-,-,1029.2,1028.3,-,26.00
Auckland Aero,20221025:0000,136,2.8,30,10.3,373,0.0,14.2,12.9,85.4,21.3,11.6,-,15.6,16.0,-,-,-,1025.6,1024.7,-,17.54
Auckland Aero,20221026:0000,34,2.5,43,10.3,312,0.0,16.4,14.0,75.3,21.3,12.3,-,15.5,16.2,-,-,-,1022.2,1021.3,-,19.50
Auckland Aero,20221027:0000,9,3.2,9,9.3,356,0.0,17.3,14.0,67.9,21.7,11.2,-,15.8,16.3,-,-,-,1019.1,1018.2,-,26.22
Auckland Aero,20221028:0000,20,3.8,15,12.9,539,0.0,18.3,16.4,81.6,23.5,14.9,-,17.7,17.6,-,-,-,1017.5,1016.6,-,18.30
Auckland Aero,20221029:0000,26,6.8,11,14.4,514,42.4,18.9,17.9,89.8,22.1,16.8,-,18.3,18.2,-,-,-,1013.3,1012.4,-,13.35
Auckland Aero,20221030:0000,28,3.9,6,10.3,235,29.0,17.6,17.4,98.0,18.9,16.9,-,18.1,18.2,-,-,-,1010.2,1009.3,-,5.85
Auckland Aero,20221031:0000,340,2.2,29,8.8,263,0.0,18.9,17.3,84.3,22.6,16.4,-,17.7,17.8,-,-,-,1010.3,1009.4,-,16.24
Auckland Aero,20221101:0000,186,2.6,227,7.7,245,0.0,17.3,16.0,86.9,22.0,15.4,-,17.7,17.9,-,-,-,1013.2,1012.3,-,27.64
Auckland Aero,20221102:0000,34,3.6,40,12.9,574,0.0,19.2,17.0,79.1,23.3,13.2,-,16.8,17.4,-,-,-,1013.1,1012.2,-,27.47
Auckland Aero,20221103:0000,17,7.3,6,12.4,344,2.8,19.0,18.1,90.9,20.4,17.3,-,18.1,18.3,-,-,-,1010.5,1009.6,-,6.20
Auckland Aero,20221104:0000,282,3.8,227,9.3,499,0.0,17.9,16.1,82.1,21.1,13.1,-,16.3,16.8,-,-,-,1017.0,1016.1,-,26.97
Auckland Aero,20221105:0000,214,7.9,215,12.9,481,0.0,17.1,14.1,70.2,20.1,15.0,-,16.3,17.0,-,-,-,1023.3,1022.4,-,27.14
Auckland Aero,20221106:0000,327,1.3,41,11.8,470,0.0,16.2,13.8,75.2,21.1,10.8,-,15.8,16.3,-,-,-,1026.1,1025.2,-,20.50
Auckland Aero,20221107:0000,62,5.6,40,13.4,448,0.0,17.5,13.8,64.4,20.5,13.0,-,16.0,16.6,-,-,-,1023.7,1022.8,-,19.98
Auckland Aero,20221108:0000,127,4.6,127,9.8,505,10.4,15.1,13.0,77.4,17.1,12.2,10.9,15.7,16.3,-,-,-,1018.9,1018.0,-,6.43
Auckland Aero,20221109:0000,181,4.5,132,10.3,329,1.0,16.3,14.9,85.1,20.1,14.4,14.0,16.2,16.4,-,-,-,1012.6,1011.7,-,16.23
Auckland Aero,20221110:0000,104,3.2,110,15.4,599,17.0,19.1,17.2,81.8,21.5,13.9,10.6,16.6,16.8,-,-,-,1015.1,1014.2,-,14.15
Auckland Aero,20221111:0000,110,5.9,109,15.4,486,6.8,14.8,13.7,87.3,22.8,13.0,12.1,15.4,16.2,-,-,-,1011.3,1010.4,-,12.93
Auckland Aero,20221112:0000,352,3.4,287,12.9,351,0.2,19.6,18.0,85.0,24.5,14.6,13.8,18.2,18.0,-,-,-,1011.3,1010.4,-,25.04
Auckland Aero,20221113:0000,290,3.9,247,10.3,450,0.8,16.9,15.9,89.2,20.5,15.0,13.4,17.7,18.0,-,-,-,1014.8,1013.9,-,21.34
Auckland Aero,20221114:0000,178,4.7,219,8.8,283,0.0,17.9,15.4,75.5,21.3,14.4,12.4,16.7,17.3,-,-,-,1017.4,1016.5,-,25.09
Auckland Aero,20221115:0000,183,1.9,118,7.7,171,0.6,18.5,16.9,84.7,22.0,14.8,11.7,18.0,18.2,-,-,-,1014.3,1013.4,-,13.65
Auckland Aero,20221116:0000,152,2.0,44,9.8,377,0.0,19.7,17.4,78.2,24.3,16.0,13.2,19.1,18.8,-,-,-,1011.4,1010.5,-,22.80
Auckland Aero,20221117:0000,31,5.6,17,11.3,312,21.0,18.7,17.1,84.4,20.3,17.3,16.4,19.3,19.5,-,-,-,1007.4,1006.5,-,9.05
Auckland Aero,20221118:0000,51,3.4,31,14.4,386,11.8,18.5,17.7,91.6,21.8,15.8,13.4,18.5,18.6,-,-,-,1003.9,1003.0,-,9.23
Auckland Aero,20221119:0000,6,5.5,6,16.0,348,4.2,17.7,15.5,78.0,22.8,13.4,12.3,17.0,17.5,-,-,-,1003.8,1002.9,-,17.85
Auckland Aero,20221120:0000,358,6.0,295,13.4,372,21.8,19.4,16.7,74.8,23.2,13.8,11.9,17.1,17.5,-,-,-,1004.6,1003.8,-,13.41
Auckland Aero,20221121:0000,324,4.1,303,13.9,382,1.6,18.7,17.1,84.2,20.3,13.8,13.2,17.2,17.3,-,-,-,1006.8,1005.9,-,8.84
Auckland Aero,20221122:0000,29,3.9,326,18.0,689,11.8,19.5,18.4,89.4,22.8,13.9,12.2,16.8,16.9,-,-,-,1004.3,1003.5,-,15.62
Auckland Aero,20221123:0000,284,9.0,232,20.1,638,14.0,16.2,13.9,76.1,20.5,12.8,11.8,15.7,16.7,-,-,-,999.1,998.2,-,26.68
Auckland Aero,20221124:0000,9,4.5,270,17.5,756,3.4,14.3,13.8,94.4,20.4,13.9,13.1,15.9,16.7,-,-,-,1004.4,1003.5,-,21.88
Auckland Aero,20221125:0000,251,9.4,268,18.0,588,1.0,15.7,12.2,63.5,19.5,11.9,10.6,14.6,15.6,-,-,-,1005.8,1004.9,-,29.57
Auckland Aero,20221126:0000,338,2.9,253,8.8,299,0.0,15.9,14.0,80.3,21.3,13.4,12.2,15.8,16.3,-,-,-,1008.9,1008.0,-,23.40
Auckland Aero,20221127:0000,34,5.6,231,13.9,534,20.2,18.4,16.2,78.5,20.1,11.5,9.6,16.0,16.3,-,-,-,1004.5,1003.6,-,11.37
Auckland Aero,20221128:0000,242,8.3,225,14.4,436,0.2,17.0,12.5,56.1,19.9,14.6,13.1,15.2,16.0,-,-,-,1009.4,1008.5,-,23.12
Auckland Aero,20221129:0000,1,2.7,13,8.8,320,6.8,17.1,14.3,72.0,22.2,12.4,9.5,15.6,15.9,-,-,-,1015.1,1014.2,-,16.59
Auckland Aero,20221130:0000,326,5.5,250,21.1,787,8.0,19.3,18.2,89.8,23.1,16.0,15.8,18.0,17.9,-,-,-,1007.8,1006.9,-,16.30
Auckland Aero,20221201:0000,217,11.9,257,18.0,816,0.2,16.7,15.0,82.5,19.4,13.8,11.7,15.5,16.1,-,-,-,1005.6,1004.7,-,22.85
Auckland Aero,20221202:0000,211,7.6,197,13.9,594,0.0,17.9,14.7,69.3,19.9,14.4,12.8,15.6,16.1,-,-,-,1008.0,1007.1,-,25.03
Auckland Aero,20221203:0000,149,3.3,213,9.8,221,0.2,16.1,13.0,68.6,21.8,14.0,12.4,15.4,16.0,-,-,-,1010.5,1009.6,-,20.26
Auckland Aero,20221204:0000,217,4.4,234,9.8,506,0.0,17.3,14.3,70.5,20.0,11.8,10.1,15.9,16.5,-,-,-,1017.5,1016.6,-,31.29
Auckland Aero,20221205:0000,228,5.5,231,9.8,294,0.0,16.2,14.1,78.3,19.5,15.5,14.8,16.8,17.4,-,-,-,1019.3,1018.4,-,17.33
Auckland Aero,20221206:0000,34,1.5,121,7.7,255,11.4,17.6,14.4,68.9,20.8,11.1,9.2,16.1,16.6,-,-,-,1014.9,1014.0,-,18.84
Auckland Aero,20221207:0000,74,2.9,93,15.4,546,0.2,16.7,15.9,91.9,20.4,14.3,14.3,17.4,17.6,-,-,-,1008.8,1007.9,-,15.06
Auckland Aero,20221208:0000,99,4.9,71,16.5,666,0.0,16.9,13.6,66.9,20.9,15.0,14.1,16.9,17.1,-,-,-,1011.9,1011.0,-,21.34
Auckland Aero,20221209:0000,62,8.8,58,13.4,429,2.0,18.4,17.6,92.2,21.2,16.2,15.3,17.9,17.8,-,-,-,1011.4,1010.5,-,11.55
Auckland Aero,20221210:0000,3,1.0,5,9.3,279,22.2,19.2,19.0,98.2,23.7,18.2,18.0,19.4,19.0,-,-,-,1013.9,1013.0,-,12.77
Auckland Aero,20221211:0000,6,3.8,360,8.8,298,10.4,20.0,19.5,95.1,22.0,18.2,17.9,19.6,19.4,-,-,-,1014.1,1013.2,-,8.39
Auckland Aero,20221212:0000,166,2.2,220,7.7,278,0.0,18.0,16.9,89.3,23.5,15.5,14.1,17.9,18.2,-,-,-,1016.4,1015.5,-,32.60
Auckland Aero,20221213:0000,304,0.8,48,11.8,428,0.0,19.7,17.9,82.8,25.5,15.4,13.9,19.2,19.3,-,-,-,1015.1,1014.2,-,24.91
Auckland Aero,20221214:0000,121,5.5,67,13.9,430,14.2,18.0,16.9,88.8,21.1,16.9,14.8,19.0,19.4,-,-,-,1011.9,1011.0,-,6.65
Auckland Aero,20221215:0000,79,3.7,69,10.3,320,2.2,18.9,18.7,97.5,24.5,16.9,16.6,19.3,19.1,-,-,-,1007.7,1006.8,-,14.90
Auckland Aero,20221216:0000,332,1.6,228,7.7,247,0.2,20.4,20.0,95.8,24.6,18.9,19.1,20.6,20.5,-,-,-,1009.7,1008.8,-,23.19
Auckland Aero,20221217:0000,28,1.9,341,6.2,139,17.6,20.1,19.0,89.5,22.2,19.6,19.2,21.1,21.3,-,-,-,1012.1,1011.2,-,6.38
Auckland Aero,20221218:0000,15,2.2,258,11.8,352,0.0,20.7,19.7,90.6,25.7,17.4,17.6,20.4,20.4,-,-,-,1009.2,1008.4,-,23.79
Auckland Aero,20221219:0000,223,2.3,221,7.2,235,0.6,19.6,17.2,77.8,23.7,16.0,14.2,19.4,20.0,-,-,-,1010.1,1009.2,-,32.28
Auckland Aero,20221220:0000,48,4.1,232,10.8,307,0.2,21.0,18.7,78.9,25.9,16.9,16.1,21.1,21.2,-,-,-,1006.9,1006.1,-,28.84
Auckland Aero,20221221:0000,175,1.0,25,9.8,303,0.0,20.2,17.8,78.3,26.0,15.8,13.6,20.0,20.7,-,-,-,1009.3,1008.4,-,30.32
Auckland Aero,20221222:0000,341,3.4,289,10.8,273,0.2,21.8,18.9,74.8,26.3,17.2,15.6,20.7,21.1,-,-,-,1013.7,1012.8,-,27.68
Auckland Aero,20221223:0000,307,3.0,267,11.8,374,0.0,20.9,17.6,70.9,25.8,16.7,15.4,20.6,21.2,-,-,-,1016.5,1015.6,-,30.47
Auckland Aero,20221224:0000,256,2.3,245,9.3,344,0.0,19.9,17.6,78.8,23.9,17.5,15.8,20.6,21.2,-,-,-,1016.0,1015.1,-,26.57
Auckland Aero,20221225:0000,194,1.0,229,8.8,352,0.0,19.5,17.5,81.2,23.6,17.6,16.0,20.8,21.2,-,-,-,1017.1,1016.2,-,29.01
Auckland Aero,20221226:0000,130,3.0,230,8.2,221,24.4,20.1,17.7,77.9,26.1,16.4,14.9,20.7,21.3,-,-,-,1018.6,1017.7,-,26.24
Auckland Aero,20221227:0000,163,2.5,232,8.8,285,0.0,20.2,18.9,87.8,25.1,17.0,16.1,20.9,21.5,-,-,-,1019.9,1019.0,-,31.40
Auckland Aero,20221228:0000,130,3.8,7,7.7,267,0.0,21.0,17.2,66.8,26.7,18.1,17.0,21.6,22.1,-,-,-,1021.9,1021.0,-,24.69
Auckland Aero,20221229:0000,324,3.4,218,9.3,374,0.0,20.3,17.3,72.5,25.1,18.6,17.4,21.2,21.9,-,-,-,1025.2,1024.3,-,28.90
Auckland Aero,20221230:0000,203,5.0,230,11.3,443,0.0,21.2,18.5,75.9,24.0,19.1,17.5,21.8,22.4,-,-,-,1020.4,1019.5,-,30.32
Auckland Aero,20221231:0000,62,6.8,60,10.8,340,0.8,21.9,18.3,69.3,25.2,17.4,15.0,22.0,22.4,-,-,-,1019.6,1018.7,-,17.53
Auckland Aero,20230101:0000,121,4.7,62,10.3,376,0.0,17.7,14.2,65.8,22.9,16.4,15.4,20.6,21.4,-,-,-,1022.6,1021.7,-,18.09
Auckland Aero,20230102:0000,118,7.0,89,14.9,530,0.2,17.4,15.1,76.9,21.5,16.0,14.2,20.0,20.8,-,-,-,1021.6,1020.7,-,17.64
Auckland Aero,20230103:0000,65,7.7,74,17.0,761,0.6,19.9,16.2,66.1,24.1,16.8,15.9,20.1,20.7,-,-,-,1018.3,1017.4,-,19.88
Auckland Aero,20230104:0000,65,8.9,68,19.6,881,25.6,19.1,17.2,81.7,21.6,17.5,16.2,20.0,20.7,-,-,-,1013.1,1012.2,-,9.87
Auckland Aero,20230105:0000,51,9.0,59,19.0,737,4.6,19.3,18.6,93.4,22.6,18.3,17.8,20.0,20.3,-,-,-,1011.2,1010.3,-,11.49
Auckland Aero,20230106:0000,54,6.5,65,13.4,418,3.8,20.5,19.7,92.3,21.2,19.0,18.6,20.7,20.7,-,-,-,1011.8,1010.9,-,8.17
Auckland Aero,20230107:0000,149,0.9,253,6.7,165,4.8,20.9,20.5,96.3,22.8,19.5,19.0,21.1,21.0,-,-,-,1007.5,1006.7,-,9.42
Auckland Aero,20230108:0000,149,1.7,231,8.2,248,6.6,20.0,19.5,95.2,26.1,17.2,15.8,20.9,20.8,-,-,-,1011.4,1010.5,-,25.56
Auckland Aero,20230109:0000,121,5.0,116,13.4,576,14.0,21.4,18.8,76.5,25.6,18.6,17.8,21.6,21.9,-,-,-,1010.7,1009.9,-,18.07
Auckland Aero,20230110:0000,130,7.6,172,16.0,656,6.6,18.4,17.3,89.2,19.7,17.8,17.5,20.3,21.1,-,-,-,1001.1,1000.3,-,6.51
Auckland Aero,20230111:0000,245,5.9,239,19.6,847,1.0,18.2,18.0,97.4,21.8,16.2,15.7,19.2,19.7,-,-,-,989.2,988.4,-,17.51
Auckland Aero,20230112:0000,209,6.3,226,15.4,300,3.2,17.6,17.4,97.4,22.0,17.0,16.7,19.2,19.8,-,-,-,1002.9,1002.0,-,12.90
Auckland Aero,20230113:0000,155,2.9,136,7.7,191,0.0,17.2,16.0,87.5,23.3,16.9,16.7,19.9,20.3,-,-,-,1016.8,1015.9,-,16.73
Auckland Aero,20230114:0000,62,3.9,55,7.2,229,0.4,20.4,17.8,76.7,23.5,16.4,14.9,20.0,20.4,-,-,-,1021.4,1020.5,-,14.54
Auckland Aero,20230115:0000,99,3.1,94,8.2,236,0.0,18.4,15.0,68.0,24.8,16.4,16.0,20.2,20.5,-,-,-,1026.2,1025.3,-,19.20
Auckland Aero,20230116:0000,152,2.9,47,8.8,230,0.0,19.2,16.2,71.5,24.9,16.5,15.0,20.2,20.7,-,-,-,1026.1,1025.2,-,18.03
Auckland Aero,20230117:0000,119,2.3,148,9.8,181,10.0,18.7,16.1,75.5,24.6,15.2,12.9,19.5,20.1,-,-,-,1020.2,1019.3,-,18.77
Auckland Aero,20230118:0000,161,2.5,228,10.8,367,0.0,18.1,16.2,81.1,24.9,14.5,13.4,19.6,20.2,-,-,-,1012.9,1012.0,-,28.84
Auckland Aero,20230119:0000,183,3.1,245,8.8,392,0.0,20.6,16.7,65.5,24.9,16.7,15.7,20.4,20.8,-,-,-,1006.7,1005.9,-,28.95
Auckland Aero,20230120:0000,236,3.8,231,11.3,533,0.0,20.3,18.0,78.9,24.1,17.7,16.2,20.7,21.1,-,-,-,1007.6,1006.8,-,30.32
Auckland Aero,20230121:0000,228,4.6,231,9.8,383,0.0,21.8,19.5,79.6,24.7,18.8,17.5,20.8,21.3,-,-,-,1010.5,1009.7,-,24.48
Auckland Aero,20230122:0000,113,2.0,224,8.2,344,0.0,20.1,18.1,81.7,24.9,16.8,16.1,20.8,21.3,-,-,-,1015.6,1014.7,-,26.68
Auckland Aero,20230123:0000,169,1.9,193,7.7,267,0.0,20.1,17.3,74.3,23.3,16.4,13.8,20.6,21.2,-,-,-,1017.7,1016.8,-,30.77
Auckland Aero,20230124:0000,57,4.8,20,12.9,415,3.2,19.9,18.2,83.9,25.0,15.9,14.0,20.9,21.4,-,-,-,1019.3,1018.4,-,21.71
Auckland Aero,20230125:0000,31,3.8,44,12.4,451,0.0,20.6,17.1,68.6,24.8,15.3,13.8,20.2,20.9,-,-,-,1023.2,1022.3,-,26.00
Auckland Aero,20230126:0000,93,4.3,78,16.0,683,24.8,20.0,16.7,70.1,25.0,15.8,14.4,20.2,20.8,-,-,-,1022.3,1021.4,-,22.67
Auckland Aero,20230127:0000,76,6.6,61,16.0,578,245.0,18.8,18.8,99.5,21.0,18.8,18.4,20.9,21.4,-,-,-,1012.8,1011.9,-,2.15
Auckland Aero,20230128:0000,37,5.9,51,19.0,525,10.8,20.3,20.3,100.0,24.7,17.0,18.0,20.7,20.7,-,-,-,1007.1,1006.3,-,14.07
Auckland Aero,20230129:0000,37,4.3,45,11.8,505,21.0,21.5,21.2,97.6,24.7,20.2,19.8,21.6,21.6,-,-,-,1015.6,1014.7,-,7.60
Auckland Aero,20230130:0000,65,3.7,79,12.4,451,2.8,19.5,18.9,94.4,21.9,19.2,18.4,21.3,21.5,-,-,-,1019.1,1018.2,-,8.10
Auckland Aero,20230131:0000,82,5.8,81,19.0,789,30.6,20.9,19.5,86.7,22.9,19.0,18.4,20.8,21.0,-,-,-,1016.2,1015.3,-,9.91
Auckland Aero,20230201:0000,59,8.6,62,17.5,498,1.2,20.6,20.2,95.7,26.0,19.0,18.9,20.6,20.8,-,-,-,1011.2,1010.3,-,21.21
Auckland Aero,20230202:0000,51,3.4,25,14.4,584,4.0,22.8,21.0,84.7,27.3,20.0,19.4,21.9,21.8,-,-,-,1013.7,1012.9,-,20.25
Auckland Aero,20230203:0000,48,5.9,43,14.4,467,5.8,21.2,20.8,96.3,23.5,20.9,20.6,22.3,22.3,-,-,-,1016.8,1015.9,-,9.69
Auckland Aero,20230204:0000,31,3.6,14,9.8,359,0.0,22.2,21.2,90.6,25.8,20.6,20.2,22.0,22.1,-,-,-,1020.5,1019.6,-,17.93
Auckland Aero,20230205:0000,20,4.5,33,11.8,433,10.8,21.8,19.0,75.7,25.2,18.9,18.3,21.9,22.2,-,-,-,1018.1,1017.2,-,18.29
Auckland Aero,20230206:0000,344,3.6,360,10.8,385,1.8,18.6,18.3,97.0,24.8,17.2,16.6,21.3,21.8,-,-,-,1012.3,1011.4,-,17.58
Auckland Aero,20230207:0000,228,3.9,235,9.8,476,0.0,20.8,18.0,74.5,23.7,16.6,15.6,20.5,21.2,-,-,-,1009.7,1008.9,-,26.59
Auckland Aero,20230208:0000,223,4.6,224,11.3,558,0.0,20.5,16.8,67.1,24.4,17.1,16.0,20.2,20.9,-,-,-,1008.2,1007.4,-,26.23
Auckland Aero,20230209:0000,217,6.6,241,12.9,511,0.0,18.2,15.1,69.8,23.0,17.0,16.1,19.9,20.7,-,-,-,1011.0,1010.1,-,25.43
Auckland Aero,20230210:0000,127,2.3,60,9.8,311,0.0,17.1,14.9,77.8,24.2,15.0,14.7,19.3,20.0,-,-,-,1016.9,1016.0,-,17.70
Auckland Aero,20230211:0000,118,3.5,75,16.5,520,10.4,18.4,16.7,83.2,23.0,16.9,16.1,20.0,20.5,-,-,-,1016.9,1016.0,-,14.41
Auckland Aero,20230212:0000,107,4.5,103,18.5,797,10.4,16.9,16.5,95.8,19.3,16.5,16.2,19.8,20.4,-,-,-,1005.3,1004.4,-,5.14
Auckland Aero,20230213:0000,136,11.6,158,19.6,1045,74.6,16.0,15.2,91.3,19.2,15.8,15.1,18.5,19.2,-,-,-,991.3,990.5,-,2.81
Auckland Aero,20230214:0000,206,11.4,216,24.7,1162,0.0,19.2,17.0,78.7,20.7,15.9,15.5,17.8,18.4,-,-,-,978.5,977.7,-,9.99
Auckland Aero,20230215:0000,239,7.9,226,16.0,449,0.0,19.9,18.0,81.9,23.1,18.4,16.7,18.3,18.6,-,-,-,999.0,998.2,-,25.19
Auckland Aero,20230216:0000,262,2.7,229,8.8,396,0.0,19.2,18.0,88.2,23.2,16.8,16.6,19.2,19.5,-,-,-,1004.9,1004.0,-,23.56
Auckland Aero,20230217:0000,158,4.4,228,10.3,339,0.0,17.0,14.9,78.7,23.9,15.1,14.5,18.9,19.5,-,-,-,1010.8,1009.9,-,27.42
Auckland Aero,20230218:0000,121,1.3,359,8.8,124,33.0,17.2,15.9,87.0,24.8,13.4,12.9,18.5,19.3,-,-,-,1018.1,1017.2,-,12.82
Auckland Aero,20230219:0000,73,1.3,225,8.2,264,0.0,18.8,17.8,89.8,23.8,15.2,14.1,18.6,19.2,-,-,-,1022.9,1022.0,-,25.71
Auckland Aero,20230220:0000,161,1.3,231,8.8,285,0.2,17.9,17.3,93.4,23.9,15.3,14.0,19.2,19.8,-,-,-,1026.2,1025.3,-,25.12
Auckland Aero,20230221:0000,132,0.9,223,7.7,216,0.0,17.4,17.2,98.1,24.4,15.2,13.7,19.2,19.9,-,-,-,1025.7,1024.8,-,25.92
Auckland Aero,20230222:0000,40,1.6,224,8.8,295,0.0,18.4,18.1,96.9,24.2,15.9,15.7,19.9,20.5,-,-,-,1018.7,1017.8,-,25.44
Auckland Aero,20230223:0000,239,2.5,237,10.3,340,2.8,19.7,17.9,83.3,23.9,18.2,18.0,20.9,21.3,-,-,-,1012.3,1011.4,-,16.58
Auckland Aero,20230224:0000,124,4.9,114,11.3,475,43.6,15.1,14.4,92.0,18.9,15.0,14.7,19.9,20.6,-,-,-,1014.1,1013.2,-,6.45
Auckland Aero,20230225:0000,65,4.0,132,12.9,315,2.2,16.5,15.9,93.3,23.0,14.6,14.7,18.5,19.0,-,-,-,1014.4,1013.5,-,11.75
Auckland Aero,20230226:0000,79,1.6,44,9.3,234,2.8,18.5,17.4,89.3,24.7,14.6,14.3,18.7,19.3,-,-,-,1019.4,1018.5,-,22.00
Auckland Aero,20230227:0000,178,2.6,212,7.2,247,1.6,17.7,17.4,96.4,22.4,17.4,17.4,20.2,20.5,-,-,-,1015.5,1014.6,-,13.10
Auckland Aero,20230228:0000,133,1.1,225,9.3,281,0.0,17.6,16.5,88.7,23.3,16.3,15.8,19.5,20.0,-,-,-,1012.5,1011.6,-,23.32
Auckland Aero,20230301:0000,141,1.2,220,8.2,253,0.2,17.8,17.6,98.2,24.2,14.9,14.6,19.2,19.9,-,-,-,1012.6,1011.7,-,23.85
Auckland Aero,20230302:0000,119,1.1,218,9.3,289,0.0,18.0,17.3,93.2,23.2,14.8,14.0,19.3,20.1,-,-,-,1014.1,1013.2,-,24.45
Auckland Aero,20230303:0000,164,0.8,233,8.2,313,0.0,17.8,17.1,93.3,24.1,14.6,13.9,19.1,19.9,-,-,-,1012.9,1012.0,-,22.08
Auckland Aero,20230304:0000,180,2.4,211,9.8,517,0.0,19.5,18.3,88.7,23.6,17.4,17.2,20.2,20.7,-,-,-,1010.5,1009.6,-,23.70
Auckland Aero,20230305:0000,208,6.1,216,11.3,464,0.0,19.6,17.5,79.8,22.8,18.4,17.7,20.2,20.7,-,-,-,1009.8,1008.9,-,20.64
Auckland Aero,20230306:0000,133,2.4,118,9.3,221,0.0,18.4,17.4,89.8,22.5,15.6,15.6,19.8,20.4,-,-,-,1011.4,1010.5,-,15.51
Auckland Aero,20230307:0000,9,1.2,228,9.3,296,0.0,17.9,16.9,90.3,23.4,13.2,13.1,19.2,20.1,-,-,-,1016.9,1016.0,-,23.59
Auckland Aero,20230308:0000,352,1.1,239,9.3,273,0.0,17.3,15.9,85.9,22.7,12.3,11.6,18.5,19.5,-,-,-,1016.0,1015.1,-,23.04
Auckland Aero,20230309:0000,17,2.2,312,8.8,349,0.2,17.7,16.6,89.3,23.2,14.1,13.6,19.0,19.8,-,-,-,1013.8,1012.9,-,14.86
Auckland Aero,20230310:0000,352,4.6,266,13.9,629,3.8,20.0,18.7,87.7,24.4,17.7,17.3,20.0,20.4,-,-,-,1007.2,1006.4,-,10.95
Auckland Aero,20230311:0000,217,7.6,234,13.4,559,0.0,19.8,16.3,68.0,22.5,18.0,16.8,18.8,19.6,-,-,-,1012.7,1011.8,-,22.49
Auckland Aero,20230312:0000,101,1.0,219,9.3,273,0.0,17.8,16.1,83.2,22.9,16.0,14.5,18.7,19.6,-,-,-,1015.7,1014.8,-,21.76
Auckland Aero,20230313:0000,349,3.0,261,13.4,559,2.2,17.8,16.6,88.1,23.4,15.9,15.3,19.4,20.0,-,-,-,1012.8,1011.9,-,10.56
Auckland Aero,20230314:0000,203,4.0,205,10.3,284,0.0,17.1,13.9,67.8,21.5,15.2,13.7,17.6,18.8,-,-,-,1019.4,1018.5,-,23.29
Auckland Aero,20230315:0000,141,1.3,230,5.7,192,0.2,14.8,13.6,86.8,23.0,11.2,9.5,16.7,18.1,-,-,-,1024.8,1023.9,-,23.08
Auckland Aero,20230316:0000,62,3.1,28,12.9,565,7.4,17.4,16.1,86.8,23.0,13.1,11.9,17.9,18.8,-,-,-,1022.7,1021.8,-,13.24
Auckland Aero,20230317:0000,358,4.3,288,12.9,408,9.2,20.5,18.9,84.9,25.2,17.3,17.2,19.5,19.8,-,-,-,1016.4,1015.5,-,9.46
Auckland Aero,20230318:0000,242,5.5,255,9.8,365,2.8,19.8,17.9,82.4,22.8,18.1,17.5,19.9,20.3,-,-,-,1018.3,1017.4,-,19.03
Auckland Aero,20230319:0000,133,0.4,219,9.8,274,0.0,16.5,16.0,94.4,22.2,14.0,12.2,18.2,19.2,-,-,-,1023.7,1022.8,-,19.59
Auckland Aero,20230320:0000,177,0.5,236,7.2,246,0.0,15.9,15.6,96.9,22.3,13.1,10.8,17.6,18.8,-,-,-,1022.7,1021.8,-,21.66
Auckland Aero,20230321:0000,346,3.8,244,11.8,414,19.0,17.1,16.3,91.6,21.4,13.7,13.4,18.6,19.2,-,-,-,1013.7,1012.8,-,6.41
Auckland Aero,20230322:0000,186,5.0,212,11.8,414,0.0,14.0,13.3,92.4,19.5,13.1,12.3,17.0,18.0,-,-,-,1013.8,1012.9,-,21.37
Auckland Aero,20230323:0000,313,0.4,222,7.2,180,0.0,13.7,11.7,77.4,21.5,10.7,9.4,16.2,17.4,-,-,-,1021.5,1020.6,-,20.95
Auckland Aero,20230324:0000,45,0.5,227,6.7,159,0.0,14.2,13.4,90.7,20.8,10.1,9.3,16.4,17.4,-,-,-,1022.4,1021.5,-,17.20
Auckland Aero,20230325:0000,124,0.6,248,7.2,253,0.0,14.7,13.8,89.6,21.5,11.9,10.9,16.7,17.5,-,-,-,1019.7,1018.8,-,16.53
Auckland Aero,20230326:0000,327,3.2,295,8.8,289,0.0,16.8,15.8,89.8,23.4,13.6,12.7,17.5,18.0,-,-,-,1016.6,1015.7,-,15.10
Auckland Aero,20230327:0000,104,1.2,308,6.2,144,1.0,18.5,17.5,90.5,22.6,16.7,16.2,18.9,19.2,-,-,-,1015.6,1014.7,-,9.73
Auckland Aero,20230328:0000,71,0.6,213,8.8,473,1.0,17.0,16.9,98.8,21.0,14.4,13.8,18.4,18.8,-,-,-,1012.0,1011.1,-,13.41
Auckland Aero,20230329:0000,172,6.0,214,15.4,463,0.0,11.7,9.1,69.1,17.2,11.0,10.3,16.6,18.0,-,-,-,1012.5,1011.6,-,20.12
Auckland Aero,20230330:0000,155,1.0,182,9.3,255,0.0,12.1,9.6,69.9,18.8,8.7,8.4,14.7,16.1,-,-,-,1016.7,1015.8,-,19.24
Auckland Aero,20230331:0000,12,1.3,35,7.7,294,0.6,12.9,12.0,88.8,21.0,9.2,8.3,15.2,16.3,-,-,-,1017.3,1016.4,-,15.79
Auckland Aero,20230401:0000,43,4.2,34,12.4,267,5.6,18.5,17.4,89.2,22.3,13.0,14.0,17.6,17.8,-,-,-,1012.5,1011.6,-,7.15
Auckland Aero,20230402:0000,107,0.6,230,9.8,346,0.0,18.0,18.0,100.0,23.2,17.3,16.4,18.6,18.6,-,-,-,1012.2,1011.3,-,17.34
Auckland Aero,20230403:0000,220,5.5,214,14.9,540,0.0,17.5,14.5,70.7,20.3,16.5,15.0,18.1,18.6,-,-,-,1016.1,1015.2,-,15.38
Auckland Aero,20230404:0000,161,2.6,219,11.8,243,0.2,15.7,13.9,80.8,20.3,12.0,10.2,16.6,17.4,-,-,-,1021.1,1020.2,-,18.26
Auckland Aero,20230405:0000,57,0.5,224,5.1,143,0.0,16.3,14.7,82.9,20.9,9.9,8.7,15.7,16.7,-,-,-,1019.3,1018.4,-,18.53
Auckland Aero,20230406:0000,138,1.4,139,9.3,294,8.4,14.0,13.2,91.2,17.3,10.6,10.1,16.3,17.0,-,-,-,1009.4,1008.5,-,3.99
Auckland Aero,20230407:0000,144,3.2,124,10.8,431,0.2,16.9,15.2,83.0,23.0,14.0,13.8,16.6,17.0,-,-,-,1003.1,1002.2,-,16.36
Auckland Aero,20230408:0000,163,3.2,153,10.3,220,0.0,16.2,12.7,64.5,20.8,12.6,11.3,16.0,16.7,-,-,-,1006.1,1005.2,-,18.22
Auckland Aero,20230409:0000,248,1.1,38,13.9,498,5.4,17.9,16.4,84.7,22.2,10.4,8.9,15.5,16.3,-,-,-,1007.6,1006.7,-,8.08
Auckland Aero,20230410:0000,6,4.7,358,12.4,418,0.0,20.1,18.6,85.9,24.5,16.3,15.1,17.4,17.5,-,-,-,1004.1,1003.3,-,12.74
Auckland Aero,20230411:0000,346,3.8,18,16.0,414,13.2,20.0,16.7,69.7,23.1,15.9,15.0,17.2,17.5,-,-,-,1009.1,1008.2,-,13.06
Auckland Aero,20230412:0000,20,3.6,326,10.3,266,5.4,18.2,17.0,87.6,21.6,15.6,14.7,17.7,17.8,-,-,-,1006.2,1005.3,-,7.18
Auckland Aero,20230413:0000,26,3.0,357,8.8,219,0.4,18.9,18.0,91.5,23.6,13.1,11.9,17.1,17.3,-,-,-,1011.6,1010.7,-,14.46
Auckland Aero,20230414:0000,110,2.7,66,14.4,430,0.0,19.0,17.6,86.0,22.9,16.6,15.9,18.0,18.2,-,-,-,1021.2,1020.3,-,14.37
Auckland Aero,20230415:0000,121,2.9,75,16.0,650,0.0,16.6,14.6,79.8,19.2,14.8,13.7,17.3,17.8,-,-,-,1027.3,1026.4,-,6.96
Auckland Aero,20230416:0000,76,7.7,50,18.0,663,0.0,18.6,15.1,67.3,20.8,16.4,15.8,17.0,17.3,-,-,-,1026.4,1025.5,-,10.22
Auckland Aero,20230417:0000,85,6.6,78,16.0,497,0.2,19.5,15.4,62.7,21.9,16.7,14.8,16.6,17.0,-,-,-,1025.0,1024.1,-,13.15
Auckland Aero,20230418:0000,51,5.9,62,14.9,456,0.0,20.0,17.7,78.3,23.0,15.6,14.4,17.0,17.3,-,-,-,1022.9,1022.0,-,10.90
Auckland Aero,20230419:0000,45,2.9,33,12.9,424,0.0,20.8,19.2,85.0,24.3,17.6,16.4,17.9,18.0,-,-,-,1021.3,1020.4,-,12.60
Auckland Aero,20230420:0000,57,4.8,62,11.3,461,0.0,20.7,18.9,83.5,24.3,18.9,18.1,19.0,18.8,-,-,-,1023.2,1022.3,-,12.69
Auckland Aero,20230421:0000,46,5.3,53,14.9,705,14.2,20.1,18.1,81.7,20.7,18.5,17.6,18.7,18.8,-,-,-,1021.7,1020.8,-,3.17
Auckland Aero,20230422:0000,14,8.2,28,13.9,433,2.2,19.8,19.7,99.3,21.7,18.1,17.9,18.9,18.8,-,-,-,1016.9,1016.0,-,4.19
Auckland Aero,20230423:0000,206,2.7,219,11.8,595,0.8,17.2,16.5,92.7,19.8,17.0,16.6,18.4,18.6,-,-,-,1019.0,1018.1,-,6.71
Auckland Aero,20230424:0000,206,12.2,209,18.0,485,0.0,16.7,13.1,63.8,18.3,15.2,14.3,17.1,17.7,-,-,-,1014.9,1014.0,-,13.90
Auckland Aero,20230425:0000,338,2.2,237,13.9,638,0.0,12.1,9.4,68.1,19.0,6.2,5.1,13.8,15.1,-,-,-,1022.3,1021.4,-,9.30
Auckland Aero,20230426:0000,239,7.3,226,15.4,376,0.6,18.5,14.7,64.6,19.9,12.0,13.0,15.8,16.1,-,-,-,1020.2,1019.3,-,9.04
Auckland Aero,20230427:0000,175,0.6,224,4.6,178,0.0,15.2,12.9,75.5,18.9,13.9,11.7,15.8,16.2,-,-,-,1025.6,1024.7,-,11.74
Auckland Aero,20230428:0000,130,2.1,52,10.8,324,0.0,14.6,13.7,90.1,20.2,13.1,11.6,16.1,16.5,-,-,-,1027.1,1026.2,-,11.92
Auckland Aero,20230429:0000,144,4.5,73,13.4,523,0.0,14.7,13.7,88.5,19.4,12.7,11.4,15.7,16.2,-,-,-,1024.2,1023.3,-,8.02
Auckland Aero,20230430:0000,85,8.6,77,18.0,752,37.2,19.4,16.6,73.4,20.4,14.7,15.2,16.9,16.9,-,-,-,1017.8,1016.9,-,5.30
Auckland Aero,20230501:0000,68,8.3,80,15.4,475,5.0,19.3,18.9,96.2,21.4,18.1,17.6,18.1,17.9,-,-,-,1018.6,1017.7,-,5.49
Auckland Aero,20230502:0000,31,4.4,26,9.8,332,0.4,19.5,19.1,95.9,22.1,18.0,17.3,18.4,18.4,-,-,-,1025.8,1024.9,-,8.35
Auckland Aero,20230503:0000,34,7.0,29,14.9,739,7.8,19.6,19.3,97.1,21.0,17.4,16.7,18.7,18.5,-,-,-,1024.1,1023.2,-,4.30
Auckland Aero,20230504:0000,34,9.2,42,20.6,536,32.6,19.4,18.5,91.0,21.3,18.3,17.6,18.6,18.6,-,-,-,1020.5,1019.6,-,4.47
Auckland Aero,20230505:0000,56,5.5,17,14.9,643,10.6,19.3,18.0,87.1,20.1,17.0,16.8,18.0,18.2,-,-,-,1022.0,1021.1,-,3.02
Auckland Aero,20230506:0000,54,5.4,39,13.4,371,0.6,18.7,17.4,87.7,20.3,17.1,16.8,17.8,18.0,-,-,-,1025.2,1024.3,-,4.09
Auckland Aero,20230507:0000,68,4.2,37,12.9,441,2.6,18.2,17.1,89.3,20.9,16.9,15.9,17.4,17.7,-,-,-,1025.6,1024.7,-,6.20
Auckland Aero,20230508:0000,59,6.0,59,13.9,624,0.4,18.8,18.1,93.5,21.4,17.0,15.7,18.0,18.1,-,-,-,1022.8,1021.9,-,6.84
Auckland Aero,20230509:0000,43,9.1,39,16.5,504,94.4,19.1,18.1,90.4,19.2,17.8,17.0,17.8,17.9,-,-,-,1010.5,1009.6,-,0.61
Auckland Aero,20230510:0000,324,9.1,265,21.6,769,13.0,17.5,16.0,84.8,17.8,15.2,13.6,16.4,16.9,-,-,-,994.1,993.3,-,6.70
Auckland Aero,20230511:0000,304,9.6,268,26.8,402,12.6,11.3,9.3,75.9,14.3,7.2,6.0,12.8,14.2,-,-,-,1005.1,1004.2,-,6.99
Auckland Aero,20230512:0000,93,0.9,195,9.3,182,0.0,11.0,9.2,78.0,15.3,6.6,6.1,11.3,12.8,-,-,-,1022.4,1021.5,-,12.75
Auckland Aero,20230513:0000,133,1.1,222,6.7,194,4.6,10.5,10.2,95.6,17.6,6.1,5.9,11.1,12.2,-,-,-,1028.8,1027.9,-,11.83
Auckland Aero,20230514:0000,242,1.6,197,8.8,206,1.0,13.0,12.6,94.8,17.8,10.4,10.0,13.4,13.9,-,-,-,1027.5,1026.6,-,9.91
Auckland Aero,20230515:0000,321,3.2,223,9.8,223,1.0,14.0,13.5,93.7,18.2,9.9,9.2,13.5,14.0,-,-,-,1023.5,1022.6,-,9.56
Auckland Aero,20230516:0000,70,1.4,232,9.3,202,1.0,12.4,12.1,96.1,17.2,8.5,7.6,12.4,13.3,-,-,-,1021.2,1020.3,-,11.12
Auckland Aero,20230517:0000,9,1.1,240,7.2,162,0.4,13.3,12.7,92.4,18.4,8.7,7.7,12.8,13.5,-,-,-,1019.9,1019.0,-,8.55
Auckland Aero,20230518:0000,110,1.0,73,17.5,718,25.8,11.5,11.1,95.4,17.7,7.5,5.8,11.3,12.6,-,-,-,1017.2,1016.3,-,5.98
Auckland Aero,20230519:0000,31,4.9,54,21.1,680,2.8,17.7,17.3,96.3,20.6,11.5,11.8,15.0,14.9,-,-,-,999.3,998.5,-,9.43
Auckland Aero,20230520:0000,338,6.9,-,-,-,-,16.2,15.5,92.5,-,15.4,13.9,14.9,15.0,-,-,-,989.2,988.4,-,-
Auckland Aero,20230521:0000,240,9.8,-,-,-,-,14.5,12.6,79.1,-,-,-,-,-,-,-,-,1004.5,1003.6,-,-
